memory_initialization_radix=16;
memory_initialization_vector=
0800400b,0600600b,0013a9a5,00010000,0200a10b,0201218b,20000093,0000410b,0020a023,0001410b,0020a223,0001c10b,0020a423,0030a623,0040a823,0050aa23,0060ac23,0070ae23,0280a023,0290a223,02a0a423,02b0a623,02c0a823,02d0aa23,02e0ac23,02f0ae23,0500a023,0510a223,0520a423,0530a623,0540a823,0550aa23,0560ac23,0570ae23,0780a023,0790a223,07a0a423,07b0a623,07c0a823,07d0aa23,07e0ac23,07f0ae23,48000113,20000513,0000c58b,5e8000ef,a10380aa,200b0000,a1030201,208b0040,a1030201,210b0080,a1830201,a20300c0,a2830100,a3030140,a3830180,a40301c0,a4830200,a5030240,a5830280,a60302c0,a6830300,a7030340,a7830380,a80303c0,a8830400,a9030440,a9830480,aa0304c0,aa830500,ab030540,ab830580,ac0305c0,ac830600,ad030640,ad830680,ae0306c0,ae830700,af030740,af830780,c08b07c0,410b0000,000b0001,00130400,00130000,00130000,00130000,00130000,00130000,00130000,00130000,00130000,00130000,00130000,00130000,00130000,00130000,00130000,00130000,00130000,00130000,00130000,00130000,00130000,00130000,00130000,00130000,00130000,00130000,00130000,00130000,00130000,00130000,00130000,00130000,00130000,00130000,00130000,00130000,00130000,00130000,00130000,00130000,00130000,00130000,00130000,00010000,00000000,00000000,00000000,00000000,00000000,00000000,00000000,00000000,00000000,00000000,00000000,00000000,00000000,00000000,00000000,00000000,00000000,00000000,00000000,00000000,00000000,00000000,00000000,00000000,00000000,00000000,00000000,00000000,00000000,00000000,00000000,00000000,00000000,00000000,00000000,00000000,00000000,00000000,00000000,00000000,00000000,00000000,00000000,00000000,00000000,00000000,00000000,00000000,00000000,00000000,00000000,00000000,00000000,00000000,00000000,00000000,00000000,00000000,00000000,00000000,00000000,00000000,00000000,00000000,00000000,00000000,00000000,00000000,00000000,00000000,00000000,00000000,00000000,00000000,00000000,00000000,00000000,00000000,00000000,00000000,00000000,00000000,00000000,00000000,00000000,00000000,00000000,00000000,00000000,00000000,00000000,00000000,00000000,00000000,00000000,00000000,00000000,00000000,00000000,00000000,00000000,00000000,00000000,00000000,00000000,00000000,00000000,00000000,00000000,00000000,00000000,00000000,00000000,00000000,00000000,00000000,00000000,00000000,00000000,00000000,00000000,00000000,00000000,00000000,00000000,00000000,00000000,00000000,00000000,00000000,00000000,00000000,00000000,00000000,00000000,00000000,00000000,00000000,00000000,00000000,00000000,00000000,00000000,00000000,00000000,00000000,00000000,00000000,00000000,00000000,00000000,00000000,00000000,00000000,00000000,00000000,00000000,00000000,00000000,00000000,41014081,42014181,43014281,44014381,45014481,46014581,47014681,48014781,49014881,4a014981,4b014a81,4c014b81,4d014c81,4e014d81,4f014e81,01374f81,00ef0002,01372170,c1b70002,8193dead,820eeef1,10000537,04400593,04f00613,04e00693,04500713,c10c47a9,c114c110,c11cc118,20000537,075bd5b7,d1558593,9002c10c,02b50533,15338082,808202b5,02b52533,35338082,808202b5,02b54533,55338082,808202b5,02b56533,75338082,808202b5,00000013,00000013,00000013,00000013,00000013,00000013,00000013,00000013,00000013,00000013,00000013,00000013,00000013,00000013,00000013,00000013,00000013,00000013,00000013,00000013,00000013,00000013,00000013,00000013,00000013,00000013,00000013,00000013,00000013,00000013,00000013,00000013,00000013,00000013,00000013,00000013,00000013,00000013,00000013,00000013,00000013,00000013,00000013,00000013,00000013,00000013,00000013,00000013,00000013,00000013,00000013,00000013,00000013,00000013,00000013,00000013,00000013,00000013,00000013,00000013,00000013,00000013,00000013,00000013,00000013,00000013,00000013,00000013,00000013,00000013,00000013,00000013,00000013,00000013,00000013,00000013,00000013,00000013,00000013,00000013,00000013,00000013,00000013,00000013,00000013,00000013,00000013,00000013,00000013,00000013,d2267179,cc52ce4e,d422d606,ca56d04a,c65ec85a,c266c462,f493c06a,8a2a0065,c0ad89ae,76934118,87b30017,d40300e6,470dffc7,00347613,00e61663,ffe7d783,8c5d07c2,00347913,ffd90793,00f037b3,02d78a63,05136531,2c15aa85,000a2503,2c9545a1,05136531,2415ae45,45a1478d,00f90363,85224591,65312cb9,a9c50513,90022439,0109f793,6731c799,d7c72783,2e230785,f793d6f7,c7990209,27836731,0785d787,d6f72c23,0019f793,6731c799,d7472783,2a230785,8763d6f7,27831204,f493000a,94be0017,ffc4d403,14f1478d,00347713,00f71663,0024d783,8c5d07c2,05136931,2265a9c9,85136ab1,2245af0a,0029f793,77ddc795,97a217f9,07b7cb81,8793fff0,97a2f8d7,0e079f63,05136531,2ab5b305,852645a1,05132a7d,2a85a9c9,0049f993,02098963,05136531,2285b705,852645a1,6531224d,b6850513,77932a89,470d0034,93634591,45a100e7,22618522,a9c90513,49812a2d,4c4d4ba5,4d216cb1,4481844e,14634b75,65310c04,b9050513,17932a39,97d20024,45a14388,478d2aa9,aa0c8513,00f49463,a9c90513,04852209,04214791,fcf499e3,93e30985,8513fda9,20f5af0a,05136531,20d5b985,a50367b1,20fdd7c7,a9c90513,653128d9,bc050513,67b120f9,d787a503,051328e1,20c1a9c9,05136531,2865be85,a50367b1,20c9d747,a9c90513,9002206d,542250b2,59025492,4ad249f2,4bb24b42,4c924c22,85524d02,61454a62,65318082,b4c50513,45a12049,20d18526,05136531,2895b685,00347793,4591470d,00e79363,852245a1,0513b5f5,cf630780,2881008b,03040513,0ff57513,05132099,20810200,02000513,b715282d,008c4b63,0513280d,20350310,02640513,0ff57513,4963b7cd,2831008b,03200513,05132819,b7ed01c4,05132039,20210330,01240513,07b7bff1,c3881000,07378082,47831000,e3910005,05058082,bfd5c31c,005c1141,472986be,00d78f63,0637ed09,c7031000,17fdfff7,03070713,9ae3c218,0141fed7,76338082,078502e5,02e55533,fec78fa3,15fdbfd1,058a6731,c0870713,100006b7,0005d363,57b38082,8bbd00b5,c78397ba,15f10007,b7edc29c,05136531,b771c1c5,c4221141,c606c226,842a47a5,c66384ae,653100a7,c2c50513,85223f8d,07933741,4725ff64,06f77663,67b347a9,470902f4,04e78863,8963470d,470504e7,04e79a63,05136531,3791c305,05136531,3f35c405,37a98526,05136531,3f05c4c5,a58367b1,0713e3c7,40b20210,02e585b3,85b38da1,442202e5,ae238da5,4492e2b7,80820141,05136531,b7c1c345,05136531,bf65c385,05136531,bf45c3c5,67857179,8793d226,45895057,64b14505,d04ad422,cc52ce4e,d606ca56,ae23c85a,6931e2f4,458d3791,45094401,e4090913,0a134985,0a930820,57130200,070a4054,4318974a,008997b3,ef858ff9,0b13c62e,3f190015,969345b2,f7930015,cf990016,02da4063,ffd68793,c7338785,97b30357,070a00f9,4310974a,c31c8fd1,bff196ae,0405855a,04000793,18e30589,6531faf4,c5050513,a5033db9,45a1e3c4,a7033d79,a7b7e3c4,87931772,1f6348f7,542200f7,549250b2,49f25902,4ad24a62,65314b42,c5c50513,b5356145,05136531,3515c645,50b29002,54925422,49f25902,4ad24a62,61454b42,66b18082,e806a783,00d79713,57938f3d,8fb90117,00579513,a0238d3d,8082e8a6,715d67b1,c6c78793,67b1c23e,c7878793,67b1c03e,c7c78793,d85ada56,c4a2c686,c0cac2a6,dc52de4e,d462d65e,d06ad266,4a81ce6e,6b31c43e,842a376d,4789375d,836384aa,cb6314fa,84631357,4481140a,45124401,41f4d793,3b51c63e,551345a1,3bd141f4,6c314502,02940d33,45a13349,33d18522,8ce24522,45a13b9d,41f4d513,45023b5d,02942db3,45a1339d,33658526,3b914529,05136531,3b91c805,852285a6,929ff0ef,89aa45a1,05133379,3381c8cc,852285a6,91bff0ef,892a45a1,05133bad,3335c8cc,852285a6,90dff0ef,8baa45a1,0513339d,3b21c8cc,852285a6,8ffff0ef,8a2a45a1,45293b89,653139fd,c9050513,45a139fd,3381856a,c8cc0513,02941c33,45a131fd,41a989b3,013039b3,33258562,c8cc8513,45a139e9,3b31856e,c8cc8513,02943cb3,45a131e9,41890933,01203933,0a338566,3301419a,01403a33,e9b367b1,85130149,6933c8c7,31550139,00091463,05bb8563,05136531,3951c9c5,40b69002,44964426,59f24906,5ad25a62,5bb25b42,5c925c22,4df25d02,80826161,9ae3478d,0406ecfa,a0218005,800007b7,44818c5d,54fdb5c9,80000437,6bb1bd6d,c5cb8513,653131b9,ca450513,85a63199,f0ef8522,45a1833f,8d2a6931,051339bd,3905c8c9,852285a6,823ff0ef,8daa45a1,051331ad,3931c8c9,852285a6,815ff0ef,8caa45a1,05133999,3121c8c9,852285a6,807ff0ef,8c2a45a1,45293189,653136fd,cb050513,5a7d36fd,8626c891,41f4d693,55938522,90ef41f4,8a2a4770,855245a1,05133929,36f1c8cb,c88159fd,46818626,45818522,4f40a0ef,45a189aa,3ef5854e,c8cb0513,8922367d,8626c891,41f4d693,55938522,a0ef41f4,892a0420,45a1854a,05133ee9,3671c8cb,8522c881,46818626,a0ef4581,842a0a30,41b989b3,41aa0a33,852245a1,013039b3,01403a33,41990933,e9b3366d,39330149,05130120,6933c8cb,3e810139,ea091ae3,eb8418e3,c5cb8513,0a853689,93e347bd,b565d8fa,d6067179,d226d422,0793d04a,e2190300,02000793,890a873e,4629878a,ed09843e,02b04763,02000493,03241563,542250b2,59025492,80826145,02c576b3,03068693,00d78023,02c55533,078515fd,86babfc1,4783bfc5,9a63fff4,47830097,9663ffe4,07930097,0fa302e0,4503fef4,147dfff4,bf5d3c7d,c6061141,c226c422,c0002473,c02024f3,05136531,3475cbc5,45a14601,37bd8522,05136531,3c71cd45,45a14601,3fb98526,05136531,3471cec5,02945533,45814601,653137b1,cf450513,05133cad,04330640,460502a4,54334589,75330294,373d02a4,40b24422,65314492,a9c50513,bc910141,11016531,cf850513,cc22ce06,c84aca26,c452c64e,29733c3d,67b1c000,40000737,20078793,07b7cf1c,07a13000,678dd31c,10078793,0793d71c,43980047,01371693,fe06dde3,05136531,3421d105,073767b1,87934000,cf1cef07,473787ba,d3983000,31000713,0791d798,16934398,dde30137,07b7fe06,47053000,8713c398,431c0047,dff58b85,05136531,f0efd385,44379c9f,67b13000,300044b7,e0040413,07f00993,c2c78a13,e4048493,85294008,04a9d763,07f00513,9b1ff0ef,04118552,997ff0ef,fe9414e3,05136431,f0efa9c4,24f3989f,6531c000,d5450513,97bff0ef,41248533,985ff0ef,a9c40513,40f24462,494244d2,4a2249b2,f06f6105,479395df,87fdfff5,bf4d8d7d,00001537,ffc50513,10000637,00050583,00058a63,00b62023,00150513,ff1ff06f,00646461,02e00593,00b62023,00b62023,00000093,00000113,002081b3,00000e93,00200e13,4dd19663,00100093,00100113,002081b3,00200e93,00300e13,4bd19a63,00300093,00700113,002081b3,00a00e93,00400e13,49d19e63,00000093,ffff8137,002081b3,ffff8eb7,00500e13,49d19263,800000b7,00000113,002081b3,80000eb7,00600e13,47d19663,800000b7,ffff8137,002081b3,7fff8eb7,00700e13,45d19a63,00000093,00008137,fff10113,002081b3,00008eb7,fffe8e93,00800e13,43d19a63,800000b7,fff08093,00000113,002081b3,80000eb7,fffe8e93,00900e13,41d19a63,800000b7,fff08093,00008137,fff10113,002081b3,80008eb7,ffee8e93,00a00e13,3fd19863,800000b7,00008137,fff10113,002081b3,80008eb7,fffe8e93,00b00e13,3dd19863,800000b7,fff08093,ffff8137,002081b3,7fff8eb7,fffe8e93,00c00e13,3bd19863,00000093,fff00113,002081b3,fff00e93,00d00e13,39d19c63,fff00093,00100113,002081b3,00000e93,00e00e13,39d19063,fff00093,fff00113,002081b3,ffe00e93,00f00e13,37d19463,00100093,80000137,fff10113,002081b3,80000eb7,01000e13,35d19663,00d00093,00b00113,002080b3,01800e93,01100e13,33d09a63,00e00093,00b00113,00208133,01900e93,01200e13,31d11e63,00d00093,001080b3,01a00e93,01300e13,31d09463,00000213,00d00093,00b00113,002081b3,00018313,00120213,00200293,fe5214e3,01800e93,01400e13,2dd31e63,00000213,00e00093,00b00113,002081b3,00000013,00018313,00120213,00200293,fe5212e3,01900e93,01500e13,2bd31663,00000213,00f00093,00b00113,002081b3,00000013,00000013,00018313,00120213,00200293,fe5210e3,01a00e93,01600e13,27d31c63,00000213,00d00093,00b00113,002081b3,00120213,00200293,fe5216e3,01800e93,01700e13,25d19863,00000213,00e00093,00b00113,00000013,002081b3,00120213,00200293,fe5214e3,01900e93,01800e13,23d19263,00000213,00f00093,00b00113,00000013,00000013,002081b3,00120213,00200293,fe5212e3,01a00e93,01900e13,1fd19a63,00000213,00d00093,00000013,00b00113,002081b3,00120213,00200293,fe5214e3,01800e93,01a00e13,1dd19463,00000213,00e00093,00000013,00b00113,00000013,002081b3,00120213,00200293,fe5212e3,01900e93,01b00e13,19d19c63,00000213,00f00093,00000013,00000013,00b00113,002081b3,00120213,00200293,fe5212e3,01a00e93,01c00e13,17d19463,00000213,00b00113,00d00093,002081b3,00120213,00200293,fe5216e3,01800e93,01d00e13,15d19063,00000213,00b00113,00e00093,00000013,002081b3,00120213,00200293,fe5214e3,01900e93,01e00e13,11d19a63,00000213,00b00113,00f00093,00000013,00000013,002081b3,00120213,00200293,fe5212e3,01a00e93,01f00e13,0fd19263,00000213,00b00113,00000013,00d00093,002081b3,00120213,00200293,fe5214e3,01800e93,02000e13,0bd19c63,00000213,00b00113,00000013,00e00093,00000013,002081b3,00120213,00200293,fe5212e3,01900e93,02100e13,09d19463,00000213,00b00113,00000013,00000013,00f00093,002081b3,00120213,00200293,fe5212e3,01a00e93,02200e13,05d19c63,00f00093,00100133,00f00e93,02300e13,05d11263,02000093,00008133,02000e93,02400e13,03d11863,000000b3,00000e93,02500e13,03d09063,01000093,01e00113,00208033,00000e93,02600e13,01d01463,03c01a63,10000537,04500593,05200613,04f00693,00a00713,00b52023,00c52023,00c52023,00d52023,00c52023,00e52023,00100073,10000537,04f00593,04b00613,00a00693,00b52023,00c52023,00d52023,f8ffe06f,00001537,55c50513,10000637,00050583,00058c63,00b62023,00150513,ff1ff06f,69646461,00000000,02e00593,00b62023,00b62023,00000093,00008193,00000e93,00200e13,27d19c63,00100093,00108193,00200e93,00300e13,27d19263,00300093,00708193,00a00e93,00400e13,25d19863,00000093,80008193,80000e93,00500e13,23d19e63,800000b7,00008193,80000eb7,00600e13,23d19463,800000b7,80008193,80000eb7,800e8e93,00700e13,21d19863,00000093,7ff08193,7ff00e93,00800e13,1fd19e63,800000b7,fff08093,00008193,80000eb7,fffe8e93,00900e13,1fd19063,800000b7,fff08093,7ff08193,80000eb7,7fee8e93,00a00e13,1dd19263,800000b7,7ff08193,80000eb7,7ffe8e93,00b00e13,1bd19663,800000b7,fff08093,80008193,7ffffeb7,7ffe8e93,00c00e13,19d19863,00000093,fff08193,fff00e93,00d00e13,17d19e63,fff00093,00108193,00000e93,00e00e13,17d19463,fff00093,fff08193,ffe00e93,00f00e13,15d19a63,800000b7,fff08093,00108193,80000eb7,01000e13,13d19e63,00d00093,00b08093,01800e93,01100e13,13d09463,00000213,00d00093,00b08193,00018313,00120213,00200293,fe5216e3,01800e93,01200e13,11d31063,00000213,00d00093,00a08193,00000013,00018313,00120213,00200293,fe5214e3,01700e93,01300e13,0dd31a63,00000213,00d00093,00908193,00000013,00000013,00018313,00120213,00200293,fe5212e3,01600e93,01400e13,0bd31263,00000213,00d00093,00b08193,00120213,00200293,fe5218e3,01800e93,01500e13,09d19063,00000213,00d00093,00000013,00a08193,00120213,00200293,fe5216e3,01700e93,01600e13,05d19c63,00000213,00d00093,00000013,00000013,00908193,00120213,00200293,fe5214e3,01600e93,01700e13,03d19663,02000093,02000e93,01800e13,01d09e63,02100093,03208013,00000e93,01900e13,01d01463,03c01a63,10000537,04500593,05200613,04f00693,00a00713,00b52023,00c52023,00c52023,00d52023,00c52023,00e52023,00100073,10000537,04f00593,04b00613,00a00693,00b52023,00c52023,00d52023,c83fe06f,00002537,86850513,10000637,00050583,00058a63,00b62023,00150513,ff1ff06f,00646e61,02e00593,00b62023,00b62023,ff0100b7,f0008093,0f0f1137,f0f10113,0020f1b3,0f001eb7,f00e8e93,00200e13,49d19c63,0ff010b7,ff008093,f0f0f137,0f010113,0020f1b3,00f00eb7,0f0e8e93,00300e13,47d19a63,00ff00b7,0ff08093,0f0f1137,f0f10113,0020f1b3,000f0eb7,00fe8e93,00400e13,45d19863,f00ff0b7,00f08093,f0f0f137,0f010113,0020f1b3,f000feb7,00500e13,43d19863,ff0100b7,f0008093,0f0f1137,f0f10113,0020f0b3,0f001eb7,f00e8e93,00600e13,41d09663,0ff010b7,ff008093,f0f0f137,0f010113,0020f133,00f00eb7,0f0e8e93,00700e13,3fd11463,ff0100b7,f0008093,0010f0b3,ff010eb7,f00e8e93,00800e13,3dd09663,00000213,ff0100b7,f0008093,0f0f1137,f0f10113,0020f1b3,00018313,00120213,00200293,fe5210e3,0f001eb7,f00e8e93,00900e13,39d31a63,00000213,0ff010b7,ff008093,f0f0f137,0f010113,0020f1b3,00000013,00018313,00120213,00200293,fc521ee3,00f00eb7,0f0e8e93,00a00e13,35d31c63,00000213,00ff00b7,0ff08093,0f0f1137,f0f10113,0020f1b3,00000013,00000013,00018313,00120213,00200293,fc521ce3,000f0eb7,00fe8e93,00b00e13,31d31c63,00000213,ff0100b7,f0008093,0f0f1137,f0f10113,0020f1b3,00120213,00200293,fe5212e3,0f001eb7,f00e8e93,00c00e13,2fd19263,00000213,0ff010b7,ff008093,f0f0f137,0f010113,00000013,0020f1b3,00120213,00200293,fe5210e3,00f00eb7,0f0e8e93,00d00e13,2bd19663,00000213,00ff00b7,0ff08093,0f0f1137,f0f10113,00000013,00000013,0020f1b3,00120213,00200293,fc521ee3,000f0eb7,00fe8e93,00e00e13,27d19863,00000213,ff0100b7,f0008093,00000013,0f0f1137,f0f10113,0020f1b3,00120213,00200293,fe5210e3,0f001eb7,f00e8e93,00f00e13,23d19c63,00000213,0ff010b7,ff008093,00000013,f0f0f137,0f010113,00000013,0020f1b3,00120213,00200293,fc521ee3,00f00eb7,0f0e8e93,01000e13,1fd19e63,00000213,00ff00b7,0ff08093,00000013,00000013,0f0f1137,f0f10113,0020f1b3,00120213,00200293,fc521ee3,000f0eb7,00fe8e93,01100e13,1dd19063,00000213,0f0f1137,f0f10113,ff0100b7,f0008093,0020f1b3,00120213,00200293,fe5212e3,0f001eb7,f00e8e93,01200e13,19d19663,00000213,f0f0f137,0f010113,0ff010b7,ff008093,00000013,0020f1b3,00120213,00200293,fe5210e3,00f00eb7,0f0e8e93,01300e13,15d19a63,00000213,0f0f1137,f0f10113,00ff00b7,0ff08093,00000013,00000013,0020f1b3,00120213,00200293,fc521ee3,000f0eb7,00fe8e93,01400e13,11d19c63,00000213,0f0f1137,f0f10113,00000013,ff0100b7,f0008093,0020f1b3,00120213,00200293,fe5210e3,0f001eb7,f00e8e93,01500e13,0fd19063,00000213,f0f0f137,0f010113,00000013,0ff010b7,ff008093,00000013,0020f1b3,00120213,00200293,fc521ee3,00f00eb7,0f0e8e93,01600e13,0bd19263,00000213,0f0f1137,f0f10113,00000013,00000013,00ff00b7,0ff08093,0020f1b3,00120213,00200293,fc521ee3,000f0eb7,00fe8e93,01700e13,07d19463,ff0100b7,f0008093,00107133,00000e93,01800e13,05d11863,00ff00b7,0ff08093,0000f133,00000e93,01900e13,03d11c63,000070b3,00000e93,01a00e13,03d09463,111110b7,11108093,22222137,22210113,0020f033,00000e93,01b00e13,01d01463,03c01a63,10000537,04500593,05200613,04f00693,00a00713,00b52023,00c52023,00c52023,00d52023,00c52023,00e52023,00100073,10000537,04f00593,04b00613,00a00693,00b52023,00c52023,00d52023,f4afe06f,00002537,da050513,10000637,00050583,00058c63,00b62023,00150513,ff1ff06f,69646e61,00000000,02e00593,00b62023,00b62023,ff0100b7,f0008093,f0f0f193,ff010eb7,f00e8e93,00200e13,1bd19463,0ff010b7,ff008093,0f00f193,0f000e93,00300e13,19d19863,00ff00b7,0ff08093,70f0f193,00f00e93,00400e13,17d19c63,f00ff0b7,00f08093,0f00f193,00000e93,00500e13,17d19063,ff0100b7,f0008093,0f00f093,00000e93,00600e13,15d09463,00000213,0ff010b7,ff008093,70f0f193,00018313,00120213,00200293,fe5214e3,70000e93,00700e13,11d31e63,00000213,00ff00b7,0ff08093,0f00f193,00000013,00018313,00120213,00200293,fe5212e3,0f000e93,00800e13,0fd31663,00000213,f00ff0b7,00f08093,f0f0f193,00000013,00000013,00018313,00120213,00200293,fe5210e3,f00ffeb7,00fe8e93,00900e13,0bd31a63,00000213,0ff010b7,ff008093,70f0f193,00120213,00200293,fe5216e3,70000e93,00a00e13,09d19663,00000213,00ff00b7,0ff08093,00000013,0f00f193,00120213,00200293,fe5214e3,0f000e93,00b00e13,07d19063,00000213,f00ff0b7,00f08093,00000013,00000013,70f0f193,00120213,00200293,fe5212e3,00f00e93,00c00e13,03d19863,0f007093,00000e93,00d00e13,03d09063,00ff00b7,0ff08093,70f0f013,00000e93,00e00e13,01d01463,03c01a63,10000537,04500593,05200613,04f00693,00a00713,00b52023,00c52023,00c52023,00d52023,00c52023,00e52023,00100073,10000537,04f00593,04b00613,00a00693,00b52023,00c52023,00d52023,d06fe06f,00000000,00002537,fe850513,10000637,00050583,00058c63,00b62023,00150513,ff1ff06f,70697561,00000063,02e00593,00b62023,00b62023,00000013,00002517,71c50513,004005ef,40b50533,00002eb7,710e8e93,00200e13,03d51463,ffffe517,8fc50513,004005ef,40b50533,ffffeeb7,8f0e8e93,00300e13,01d51463,03c01a63,10000537,04500593,05200613,04f00693,00a00713,00b52023,00c52023,00c52023,00d52023,00c52023,00e52023,00100073,10000537,04f00593,04b00613,00a00693,00b52023,00c52023,00d52023,c36fe06f,00002537,0b450513,10000637,00050583,00058a63,00b62023,00150513,ff1ff06f,00716562,02e00593,00b62023,00b62023,00200e13,00000093,00000113,00208663,2bc01863,01c01663,fe208ee3,2bc01263,00300e13,00100093,00100113,00208663,29c01863,01c01663,fe208ee3,29c01263,00400e13,fff00093,fff00113,00208663,27c01863,01c01663,fe208ee3,27c01263,00500e13,00000093,00100113,00208463,01c01463,25c01663,fe208ee3,00600e13,00100093,00000113,00208463,01c01463,23c01863,fe208ee3,00700e13,fff00093,00100113,00208463,01c01463,21c01a63,fe208ee3,00800e13,00100093,fff00113,00208463,01c01463,1fc01c63,fe208ee3,00900e13,00000213,00000093,fff00113,1e208063,00120213,00200293,fe5216e3,00a00e13,00000213,00000093,fff00113,00000013,1a208e63,00120213,00200293,fe5214e3,00b00e13,00000213,00000093,fff00113,00000013,00000013,18208a63,00120213,00200293,fe5212e3,00c00e13,00000213,00000093,00000013,fff00113,16208863,00120213,00200293,fe5214e3,00d00e13,00000213,00000093,00000013,fff00113,00000013,14208463,00120213,00200293,fe5212e3,00e00e13,00000213,00000093,00000013,00000013,fff00113,12208063,00120213,00200293,fe5212e3,00f00e13,00000213,00000093,fff00113,10208063,00120213,00200293,fe5216e3,01000e13,00000213,00000093,fff00113,00000013,0c208e63,00120213,00200293,fe5214e3,01100e13,00000213,00000093,fff00113,00000013,00000013,0a208a63,00120213,00200293,fe5212e3,01200e13,00000213,00000093,00000013,fff00113,08208863,00120213,00200293,fe5214e3,01300e13,00000213,00000093,00000013,fff00113,00000013,06208463,00120213,00200293,fe5212e3,01400e13,00000213,00000093,00000013,00000013,fff00113,04208063,00120213,00200293,fe5212e3,00100093,00000a63,00108093,00108093,00108093,00108093,00108093,00108093,00300e93,01500e13,01d09463,03c01a63,10000537,04500593,05200613,04f00693,00a00713,00b52023,00c52023,00c52023,00d52023,00c52023,00e52023,00100073,10000537,04f00593,04b00613,00a00693,00b52023,00c52023,00d52023,8f6fe06f,00002537,3f450513,10000637,00050583,00058a63,00b62023,00150513,ff1ff06f,00656762,02e00593,00b62023,00b62023,00200e13,00000093,00000113,0020d663,31c01863,01c01663,fe20dee3,31c01263,00300e13,00100093,00100113,0020d663,2fc01863,01c01663,fe20dee3,2fc01263,00400e13,fff00093,fff00113,0020d663,2dc01863,01c01663,fe20dee3,2dc01263,00500e13,00100093,00000113,0020d663,2bc01863,01c01663,fe20dee3,2bc01263,00600e13,00100093,fff00113,0020d663,29c01863,01c01663,fe20dee3,29c01263,00700e13,fff00093,ffe00113,0020d663,27c01863,01c01663,fe20dee3,27c01263,00800e13,00000093,00100113,0020d463,01c01463,25c01663,fe20dee3,00900e13,fff00093,00100113,0020d463,01c01463,23c01863,fe20dee3,00a00e13,ffe00093,fff00113,0020d463,01c01463,21c01a63,fe20dee3,00b00e13,ffe00093,00100113,0020d463,01c01463,1fc01c63,fe20dee3,00c00e13,00000213,fff00093,00000113,1e20d063,00120213,00200293,fe5216e3,00d00e13,00000213,fff00093,00000113,00000013,1a20de63,00120213,00200293,fe5214e3,00e00e13,00000213,fff00093,00000113,00000013,00000013,1820da63,00120213,00200293,fe5212e3,00f00e13,00000213,fff00093,00000013,00000113,1620d863,00120213,00200293,fe5214e3,01000e13,00000213,fff00093,00000013,00000113,00000013,1420d463,00120213,00200293,fe5212e3,01100e13,00000213,fff00093,00000013,00000013,00000113,1220d063,00120213,00200293,fe5212e3,01200e13,00000213,fff00093,00000113,1020d063,00120213,00200293,fe5216e3,01300e13,00000213,fff00093,00000113,00000013,0c20de63,00120213,00200293,fe5214e3,01400e13,00000213,fff00093,00000113,00000013,00000013,0a20da63,00120213,00200293,fe5212e3,01500e13,00000213,fff00093,00000013,00000113,0820d863,00120213,00200293,fe5214e3,01600e13,00000213,fff00093,00000013,00000113,00000013,0620d463,00120213,00200293,fe5212e3,01700e13,00000213,fff00093,00000013,00000013,00000113,0420d063,00120213,00200293,fe5212e3,00100093,0000da63,00108093,00108093,00108093,00108093,00108093,00108093,00300e93,01800e13,01d09463,03c01a63,10000537,04500593,05200613,04f00693,00a00713,00b52023,00c52023,00c52023,00d52023,00c52023,00e52023,00100073,10000537,04f00593,04b00613,00a00693,00b52023,00c52023,00d52023,d57fd06f,00002537,79450513,10000637,00050583,00058c63,00b62023,00150513,ff1ff06f,75656762,00000000,02e00593,00b62023,00b62023,00200e13,00000093,00000113,0020f663,35c01263,01c01663,fe20fee3,33c01c63,00300e13,00100093,00100113,0020f663,33c01263,01c01663,fe20fee3,31c01c63,00400e13,fff00093,fff00113,0020f663,31c01263,01c01663,fe20fee3,2fc01c63,00500e13,00100093,00000113,0020f663,2fc01263,01c01663,fe20fee3,2dc01c63,00600e13,fff00093,ffe00113,0020f663,2dc01263,01c01663,fe20fee3,2bc01c63,00700e13,fff00093,00000113,0020f663,2bc01263,01c01663,fe20fee3,29c01c63,00800e13,00000093,00100113,0020f463,01c01463,29c01063,fe20fee3,00900e13,ffe00093,fff00113,0020f463,01c01463,27c01263,fe20fee3,00a00e13,00000093,fff00113,0020f463,01c01463,25c01463,fe20fee3,00b00e13,800000b7,fff08093,80000137,0020f463,01c01463,23c01463,fe20fee3,00c00e13,00000213,f00000b7,fff08093,f0000137,2020f663,00120213,00200293,fe5214e3,00d00e13,00000213,f00000b7,fff08093,f0000137,00000013,1e20f263,00120213,00200293,fe5212e3,00e00e13,00000213,f00000b7,fff08093,f0000137,00000013,00000013,1a20fc63,00120213,00200293,fe5210e3,00f00e13,00000213,f00000b7,fff08093,00000013,f0000137,1820f863,00120213,00200293,fe5212e3,01000e13,00000213,f00000b7,fff08093,00000013,f0000137,00000013,1620f263,00120213,00200293,fe5210e3,01100e13,00000213,f00000b7,fff08093,00000013,00000013,f0000137,1220fc63,00120213,00200293,fe5210e3,01200e13,00000213,f00000b7,fff08093,f0000137,1020fa63,00120213,00200293,fe5214e3,01300e13,00000213,f00000b7,fff08093,f0000137,00000013,0e20f663,00120213,00200293,fe5212e3,01400e13,00000213,f00000b7,fff08093,f0000137,00000013,00000013,0c20f063,00120213,00200293,fe5210e3,01500e13,00000213,f00000b7,fff08093,00000013,f0000137,0820fc63,00120213,00200293,fe5212e3,01600e13,00000213,f00000b7,fff08093,00000013,f0000137,00000013,0620f663,00120213,00200293,fe5210e3,01700e13,00000213,f00000b7,fff08093,00000013,00000013,f0000137,0420f063,00120213,00200293,fe5210e3,00100093,0000fa63,00108093,00108093,00108093,00108093,00108093,00108093,00300e93,01800e13,01d09463,03c01a63,10000537,04500593,05200613,04f00693,00a00713,00b52023,00c52023,00c52023,00d52023,00c52023,00e52023,00100073,10000537,04f00593,04b00613,00a00693,00b52023,00c52023,00d52023,97ffd06f,00003537,b6c50513,10000637,00050583,00058a63,00b62023,00150513,ff1ff06f,00746c62,02e00593,00b62023,00b62023,00200e13,00000093,00100113,0020c663,2bc01863,01c01663,fe20cee3,2bc01263,00300e13,fff00093,00100113,0020c663,29c01863,01c01663,fe20cee3,29c01263,00400e13,ffe00093,fff00113,0020c663,27c01863,01c01663,fe20cee3,27c01263,00500e13,00100093,00000113,0020c463,01c01463,25c01663,fe20cee3,00600e13,00100093,fff00113,0020c463,01c01463,23c01863,fe20cee3,00700e13,fff00093,ffe00113,0020c463,01c01463,21c01a63,fe20cee3,00800e13,00100093,ffe00113,0020c463,01c01463,1fc01c63,fe20cee3,00900e13,00000213,00000093,fff00113,1e20c063,00120213,00200293,fe5216e3,00a00e13,00000213,00000093,fff00113,00000013,1a20ce63,00120213,00200293,fe5214e3,00b00e13,00000213,00000093,fff00113,00000013,00000013,1820ca63,00120213,00200293,fe5212e3,00c00e13,00000213,00000093,00000013,fff00113,1620c863,00120213,00200293,fe5214e3,00d00e13,00000213,00000093,00000013,fff00113,00000013,1420c463,00120213,00200293,fe5212e3,00e00e13,00000213,00000093,00000013,00000013,fff00113,1220c063,00120213,00200293,fe5212e3,00f00e13,00000213,00000093,fff00113,1020c063,00120213,00200293,fe5216e3,01000e13,00000213,00000093,fff00113,00000013,0c20ce63,00120213,00200293,fe5214e3,01100e13,00000213,00000093,fff00113,00000013,00000013,0a20ca63,00120213,00200293,fe5212e3,01200e13,00000213,00000093,00000013,fff00113,0820c863,00120213,00200293,fe5214e3,01300e13,00000213,00000093,00000013,fff00113,00000013,0620c463,00120213,00200293,fe5212e3,01400e13,00000213,00000093,00000013,00000013,fff00113,0420c063,00120213,00200293,fe5212e3,00100093,00104a63,00108093,00108093,00108093,00108093,00108093,00108093,00300e93,01500e13,01d09463,03c01a63,10000537,04500593,05200613,04f00693,00a00713,00b52023,00c52023,00c52023,00d52023,00c52023,00e52023,00100073,10000537,04f00593,04b00613,00a00693,00b52023,00c52023,00d52023,e3efd06f,00003537,eac50513,10000637,00050583,00058c63,00b62023,00150513,ff1ff06f,75746c62,00000000,02e00593,00b62023,00b62023,00200e13,00000093,00100113,0020e663,2fc01263,01c01663,fe20eee3,2dc01c63,00300e13,ffe00093,fff00113,0020e663,2dc01263,01c01663,fe20eee3,2bc01c63,00400e13,00000093,fff00113,0020e663,2bc01263,01c01663,fe20eee3,29c01c63,00500e13,00100093,00000113,0020e463,01c01463,29c01063,fe20eee3,00600e13,fff00093,ffe00113,0020e463,01c01463,27c01263,fe20eee3,00700e13,fff00093,00000113,0020e463,01c01463,25c01463,fe20eee3,00800e13,800000b7,80000137,fff10113,0020e463,01c01463,23c01463,fe20eee3,00900e13,00000213,f00000b7,f0000137,fff10113,2020e663,00120213,00200293,fe5214e3,00a00e13,00000213,f00000b7,f0000137,fff10113,00000013,1e20e263,00120213,00200293,fe5212e3,00b00e13,00000213,f00000b7,f0000137,fff10113,00000013,00000013,1a20ec63,00120213,00200293,fe5210e3,00c00e13,00000213,f00000b7,00000013,f0000137,fff10113,1820e863,00120213,00200293,fe5212e3,00d00e13,00000213,f00000b7,00000013,f0000137,fff10113,00000013,1620e263,00120213,00200293,fe5210e3,00e00e13,00000213,f00000b7,00000013,00000013,f0000137,fff10113,1220ec63,00120213,00200293,fe5210e3,00f00e13,00000213,f00000b7,f0000137,fff10113,1020ea63,00120213,00200293,fe5214e3,01000e13,00000213,f00000b7,f0000137,fff10113,00000013,0e20e663,00120213,00200293,fe5212e3,01100e13,00000213,f00000b7,f0000137,fff10113,00000013,00000013,0c20e063,00120213,00200293,fe5210e3,01200e13,00000213,f00000b7,00000013,f0000137,fff10113,0820ec63,00120213,00200293,fe5212e3,01300e13,00000213,f00000b7,00000013,f0000137,fff10113,00000013,0620e663,00120213,00200293,fe5210e3,01400e13,00000213,f00000b7,00000013,00000013,f0000137,fff10113,0420e063,00120213,00200293,fe5210e3,00100093,00106a63,00108093,00108093,00108093,00108093,00108093,00108093,00300e93,01500e13,01d09463,03c01a63,10000537,04500593,05200613,04f00693,00a00713,00b52023,00c52023,00c52023,00d52023,00c52023,00e52023,00100073,10000537,04f00593,04b00613,00a00693,00b52023,00c52023,00d52023,ac6fd06f,00003537,22450513,10000637,00050583,00058a63,00b62023,00150513,ff1ff06f,00656e62,02e00593,00b62023,00b62023,00200e13,00000093,00100113,00209663,2bc01a63,01c01663,fe209ee3,2bc01463,00300e13,00100093,00000113,00209663,29c01a63,01c01663,fe209ee3,29c01463,00400e13,fff00093,00100113,00209663,27c01a63,01c01663,fe209ee3,27c01463,00500e13,00100093,fff00113,00209663,25c01a63,01c01663,fe209ee3,25c01463,00600e13,00000093,00000113,00209463,01c01463,23c01863,fe209ee3,00700e13,00100093,00100113,00209463,01c01463,21c01a63,fe209ee3,00800e13,fff00093,fff00113,00209463,01c01463,1fc01c63,fe209ee3,00900e13,00000213,00000093,00000113,1e209063,00120213,00200293,fe5216e3,00a00e13,00000213,00000093,00000113,00000013,1a209e63,00120213,00200293,fe5214e3,00b00e13,00000213,00000093,00000113,00000013,00000013,18209a63,00120213,00200293,fe5212e3,00c00e13,00000213,00000093,00000013,00000113,16209863,00120213,00200293,fe5214e3,00d00e13,00000213,00000093,00000013,00000113,00000013,14209463,00120213,00200293,fe5212e3,00e00e13,00000213,00000093,00000013,00000013,00000113,12209063,00120213,00200293,fe5212e3,00f00e13,00000213,00000093,00000113,10209063,00120213,00200293,fe5216e3,01000e13,00000213,00000093,00000113,00000013,0c209e63,00120213,00200293,fe5214e3,01100e13,00000213,00000093,00000113,00000013,00000013,0a209a63,00120213,00200293,fe5212e3,01200e13,00000213,00000093,00000013,00000113,08209863,00120213,00200293,fe5214e3,01300e13,00000213,00000093,00000013,00000113,00000013,06209463,00120213,00200293,fe5212e3,01400e13,00000213,00000093,00000013,00000013,00000113,04209063,00120213,00200293,fe5212e3,00100093,00009a63,00108093,00108093,00108093,00108093,00108093,00108093,00300e93,01500e13,01d09463,03c01a63,10000537,04500593,05200613,04f00693,00a00713,00b52023,00c52023,00c52023,00d52023,00c52023,00e52023,00100073,10000537,04f00593,04b00613,00a00693,00b52023,00c52023,00d52023,f83fc06f,00003537,56850513,10000637,00050583,00058a63,00b62023,00150513,ff1ff06f,00766964,02e00593,00b62023,00b62023,01400093,00600113,0220c1b3,00300e93,00200e13,0dd19463,fec00093,00600113,0220c1b3,ffd00e93,00300e13,0bd19863,01400093,ffa00113,0220c1b3,ffd00e93,00400e13,09d19c63,fec00093,ffa00113,0220c1b3,00300e93,00500e13,09d19063,800000b7,00100113,0220c1b3,80000eb7,00600e13,07d19463,800000b7,fff00113,0220c1b3,80000eb7,00700e13,05d19863,800000b7,00000113,0220c1b3,fff00e93,00800e13,03d19c63,00100093,00000113,0220c1b3,fff00e93,00900e13,03d19063,00000093,00000113,0220c1b3,fff00e93,00a00e13,01d19463,03c01a63,10000537,04500593,05200613,04f00693,00a00713,00b52023,00c52023,00c52023,00d52023,00c52023,00e52023,00100073,10000537,04f00593,04b00613,00a00693,00b52023,00c52023,00d52023,e27fc06f,00003537,6c450513,10000637,00050583,00058c63,00b62023,00150513,ff1ff06f,75766964,00000000,02e00593,00b62023,00b62023,01400093,00600113,0220d1b3,00300e93,00200e13,0dd19663,fec00093,00600113,0220d1b3,2aaabeb7,aa7e8e93,00300e13,0bd19863,01400093,ffa00113,0220d1b3,00000e93,00400e13,09d19c63,fec00093,ffa00113,0220d1b3,00000e93,00500e13,09d19063,800000b7,00100113,0220d1b3,80000eb7,00600e13,07d19463,800000b7,fff00113,0220d1b3,00000e93,00700e13,05d19863,800000b7,00000113,0220d1b3,fff00e93,00800e13,03d19c63,00100093,00000113,0220d1b3,fff00e93,00900e13,03d19063,00000093,00000113,0220d1b3,fff00e93,00a00e13,01d19463,03c01a63,10000537,04500593,05200613,04f00693,00a00713,00b52023,00c52023,00c52023,00d52023,00c52023,00e52023,00100073,10000537,04f00593,04b00613,00a00693,00b52023,00c52023,00d52023,cc3fc06f,00004537,82850513,10000637,00050583,00058a63,00b62023,00150513,ff1ff06f,0000006a,02e00593,00b62023,00b62023,00200e13,0080006f,0340006f,00100093,0140006f,00108093,00108093,00108093,00108093,00108093,00108093,00300e93,00300e13,01d09463,03c01a63,10000537,04500593,05200613,04f00693,00a00713,00b52023,00c52023,00c52023,00d52023,00c52023,00e52023,00100073,10000537,04f00593,04b00613,00a00693,00b52023,00c52023,00d52023,c07fc06f,00004537,8e450513,10000637,00050583,00058a63,00b62023,00150513,ff1ff06f,006c616a,02e00593,00b62023,00b62023,00200e13,00000093,010000ef,00000013,00000013,0440006f,00000117,ff010113,00410113,02111a63,00100113,014000ef,00110113,00110113,00110113,00110113,00110113,00110113,00300e93,00300e13,01d11463,03c01a63,10000537,04500593,05200613,04f00693,00a00713,00b52023,00c52023,00c52023,00d52023,00c52023,00e52023,00100073,10000537,04f00593,04b00613,00a00693,00b52023,00c52023,00d52023,b2ffc06f,00004537,9bc50513,10000637,00050583,00058c63,00b62023,00150513,ff1ff06f,726c616a,00000000,02e00593,00b62023,00b62023,00200e13,00000f93,00000117,01810113,000109e7,00000013,00000013,0e40006f,00000097,ff008093,00408093,0d309a63,00300e13,00000f93,00000197,01418193,00018067,00000013,0b80006f,0a0f9a63,00400e13,00000213,00000317,01030313,000309e7,09c01e63,00120213,00200293,fe5214e3,00500e13,00000213,00000317,01430313,00000013,000309e7,07c01a63,00120213,00200293,fe5212e3,00600e13,00000213,00000317,01830313,00000013,00000013,000309e7,05c01463,00120213,00200293,fe5210e3,00100093,00000117,01c10113,ffc109e7,00108093,00108093,00108093,00108093,00108093,00108093,00400e93,00700e13,01d09463,03c01a63,10000537,04500593,05200613,04f00693,00a00713,00b52023,00c52023,00c52023,00d52023,00c52023,00e52023,00100073,10000537,04f00593,04b00613,00a00693,00b52023,00c52023,00d52023,9abfc06f,00004537,b4050513,10000637,00050583,00058a63,00b62023,00150513,ff1ff06f,0000626c,02e00593,00b62023,00b62023,0000c097,a6808093,00008183,fff00e93,00200e13,23d19c63,0000c097,a5008093,00108183,00000e93,00300e13,23d19063,0000c097,a3808093,00208183,ff000e93,00400e13,21d19463,0000c097,a2008093,00308183,00f00e93,00500e13,1fd19863,0000c097,a0b08093,ffd08183,fff00e93,00600e13,1dd19c63,0000c097,9f308093,ffe08183,00000e93,00700e13,1dd19063,0000c097,9db08093,fff08183,ff000e93,00800e13,1bd19463,0000c097,9c308093,00008183,00f00e93,00900e13,19d19863,0000c097,9a808093,fe008093,02008183,fff00e93,00a00e13,17d19a63,0000c097,98c08093,ffa08093,00708183,00000e93,00b00e13,15d19c63,00c00e13,00000213,0000c097,96908093,00108183,00018313,ff000e93,13d31c63,00120213,00200293,fe5210e3,00d00e13,00000213,0000c097,93e08093,00108183,00000013,00018313,00f00e93,11d31463,00120213,00200293,fc521ee3,00e00e13,00000213,0000c097,90c08093,00108183,00000013,00000013,00018313,00000e93,0dd31a63,00120213,00200293,fc521ce3,00f00e13,00000213,0000c097,8d908093,00108183,ff000e93,0bd19663,00120213,00200293,fe5212e3,01000e13,00000213,0000c097,8b208093,00000013,00108183,00f00e93,09d19063,00120213,00200293,fe5210e3,01100e13,00000213,0000c097,88408093,00000013,00000013,00108183,00000e93,05d19863,00120213,00200293,fc521ee3,0000c197,85c18193,00018103,00200113,00200e93,01200e13,03d11463,0000c197,84018193,00018103,00000013,00200113,00200e93,01300e13,01d11463,03c01a63,10000537,04500593,05200613,04f00693,00a00713,00b52023,00c52023,00c52023,00d52023,00c52023,00e52023,00100073,10000537,04f00593,04b00613,00a00693,00b52023,00c52023,00d52023,edefc06f,00004537,e0c50513,10000637,00050583,00058a63,00b62023,00150513,ff1ff06f,0075626c,02e00593,00b62023,00b62023,0000b097,7c808093,0000c183,0ff00e93,00200e13,23d19c63,0000b097,7b008093,0010c183,00000e93,00300e13,23d19063,0000b097,79808093,0020c183,0f000e93,00400e13,21d19463,0000b097,78008093,0030c183,00f00e93,00500e13,1fd19863,0000b097,76b08093,ffd0c183,0ff00e93,00600e13,1dd19c63,0000b097,75308093,ffe0c183,00000e93,00700e13,1dd19063,0000b097,73b08093,fff0c183,0f000e93,00800e13,1bd19463,0000b097,72308093,0000c183,00f00e93,00900e13,19d19863,0000b097,70808093,fe008093,0200c183,0ff00e93,00a00e13,17d19a63,0000b097,6ec08093,ffa08093,0070c183,00000e93,00b00e13,15d19c63,00c00e13,00000213,0000b097,6c908093,0010c183,00018313,0f000e93,13d31c63,00120213,00200293,fe5210e3,00d00e13,00000213,0000b097,69e08093,0010c183,00000013,00018313,00f00e93,11d31463,00120213,00200293,fc521ee3,00e00e13,00000213,0000b097,66c08093,0010c183,00000013,00000013,00018313,00000e93,0dd31a63,00120213,00200293,fc521ce3,00f00e13,00000213,0000b097,63908093,0010c183,0f000e93,0bd19663,00120213,00200293,fe5212e3,01000e13,00000213,0000b097,61208093,00000013,0010c183,00f00e93,09d19063,00120213,00200293,fe5210e3,01100e13,00000213,0000b097,5e408093,00000013,00000013,0010c183,00000e93,05d19863,00120213,00200293,fc521ee3,0000b197,5bc18193,0001c103,00200113,00200e93,01200e13,03d11463,0000b197,5a018193,0001c103,00000013,00200113,00200e93,01300e13,01d11463,03c01a63,10000537,04500593,05200613,04f00693,00a00713,00b52023,00c52023,00c52023,00d52023,00c52023,00e52023,00100073,10000537,04f00593,04b00613,00a00693,00b52023,00c52023,00d52023,c12fc06f,00004537,0d850513,10000637,00050583,00058a63,00b62023,00150513,ff1ff06f,0000686c,02e00593,00b62023,00b62023,0000b097,52808093,00009183,0ff00e93,00200e13,25d19c63,0000b097,51008093,00209183,f0000e93,00300e13,25d19063,0000b097,4f808093,00409183,00001eb7,ff0e8e93,00400e13,23d19263,0000b097,4dc08093,00609183,fffffeb7,00fe8e93,00500e13,21d19463,0000b097,4c608093,ffa09183,0ff00e93,00600e13,1fd19863,0000b097,4ae08093,ffc09183,f0000e93,00700e13,1dd19c63,0000b097,49608093,ffe09183,00001eb7,ff0e8e93,00800e13,1bd19e63,0000b097,47a08093,00009183,fffffeb7,00fe8e93,00900e13,1bd19063,0000b097,45808093,fe008093,02009183,0ff00e93,00a00e13,19d19263,0000b097,43c08093,ffb08093,00709183,f0000e93,00b00e13,17d19463,00c00e13,00000213,0000b097,41a08093,00209183,00018313,00001eb7,ff0e8e93,15d31263,00120213,00200293,fc521ee3,00d00e13,00000213,0000b097,3ec08093,00209183,00000013,00018313,fffffeb7,00fe8e93,11d31863,00120213,00200293,fc521ce3,00e00e13,00000213,0000b097,3b408093,00209183,00000013,00000013,00018313,f0000e93,0dd31e63,00120213,00200293,fc521ce3,00f00e13,00000213,0000b097,38208093,00209183,00001eb7,ff0e8e93,0bd19863,00120213,00200293,fe5210e3,01000e13,00000213,0000b097,35808093,00000013,00209183,fffffeb7,00fe8e93,09d19063,00120213,00200293,fc521ee3,01100e13,00000213,0000b097,32408093,00000013,00000013,00209183,f0000e93,05d19863,00120213,00200293,fc521ee3,0000b197,2fc18193,00019103,00200113,00200e93,01200e13,03d11463,0000b197,2e018193,00019103,00000013,00200113,00200e93,01300e13,01d11463,03c01a63,10000537,04500593,05200613,04f00693,00a00713,00b52023,00c52023,00c52023,00d52023,00c52023,00e52023,00100073,10000537,04f00593,04b00613,00a00693,00b52023,00c52023,00d52023,926fc06f,00004537,3c450513,10000637,00050583,00058a63,00b62023,00150513,ff1ff06f,0075686c,02e00593,00b62023,00b62023,0000b097,26c08093,0000d183,0ff00e93,00200e13,27d19663,0000b097,25408093,0020d183,00010eb7,f00e8e93,00300e13,25d19863,0000b097,23808093,0040d183,00001eb7,ff0e8e93,00400e13,23d19a63,0000b097,21c08093,0060d183,0000feb7,00fe8e93,00500e13,21d19c63,0000b097,20608093,ffa0d183,0ff00e93,00600e13,21d19063,0000b097,1ee08093,ffc0d183,00010eb7,f00e8e93,00700e13,1fd19263,0000b097,1d208093,ffe0d183,00001eb7,ff0e8e93,00800e13,1dd19463,0000b097,1b608093,0000d183,0000feb7,00fe8e93,00900e13,1bd19663,0000b097,19408093,fe008093,0200d183,0ff00e93,00a00e13,19d19863,0000b097,17808093,ffb08093,0070d183,00010eb7,f00e8e93,00b00e13,17d19863,00c00e13,00000213,0000b097,15208093,0020d183,00018313,00001eb7,ff0e8e93,15d31663,00120213,00200293,fc521ee3,00d00e13,00000213,0000b097,12408093,0020d183,00000013,00018313,0000feb7,00fe8e93,11d31c63,00120213,00200293,fc521ce3,00e00e13,00000213,0000b097,0ec08093,0020d183,00000013,00000013,00018313,00010eb7,f00e8e93,0fd31063,00120213,00200293,fc521ae3,00f00e13,00000213,0000b097,0b608093,0020d183,00001eb7,ff0e8e93,0bd19a63,00120213,00200293,fe5210e3,01000e13,00000213,0000b097,08c08093,00000013,0020d183,0000feb7,00fe8e93,09d19263,00120213,00200293,fc521ee3,01100e13,00000213,0000b097,05808093,00000013,00000013,0020d183,00010eb7,f00e8e93,05d19863,00120213,00200293,fc521ce3,0000b197,02c18193,0001d103,00200113,00200e93,01200e13,03d11463,0000b197,01018193,0001d103,00000013,00200113,00200e93,01300e13,01d11463,03c01a63,10000537,04500593,05200613,04f00693,00a00713,00b52023,00c52023,00c52023,00d52023,00c52023,00e52023,00100073,10000537,04f00593,04b00613,00a00693,00b52023,00c52023,00d52023,e27fb06f,00004537,6c450513,10000637,00050583,00058a63,00b62023,00150513,ff1ff06f,0069756c,02e00593,00b62023,00b62023,000000b7,00000e93,00200e13,05d09a63,fffff0b7,4010d093,80000e93,00300e13,05d09063,7ffff0b7,4140d093,7ff00e93,00400e13,03d09663,800000b7,4140d093,80000e93,00500e13,01d09c63,80000037,00000e93,00600e13,01d01463,03c01a63,10000537,04500593,05200613,04f00693,00a00713,00b52023,00c52023,00c52023,00d52023,00c52023,00e52023,00100073,10000537,04f00593,04b00613,00a00693,00b52023,00c52023,00d52023,d47fb06f,00004537,7a450513,10000637,00050583,00058a63,00b62023,00150513,ff1ff06f,0000776c,02e00593,00b62023,00b62023,0000b097,ee408093,0000a183,00ff0eb7,0ffe8e93,00200e13,27d19a63,0000b097,ec808093,0040a183,ff010eb7,f00e8e93,00300e13,25d19c63,0000b097,eac08093,0080a183,0ff01eb7,ff0e8e93,00400e13,23d19e63,0000b097,e9008093,00c0a183,f00ffeb7,00fe8e93,00500e13,23d19063,0000b097,e8008093,ff40a183,00ff0eb7,0ffe8e93,00600e13,21d19263,0000b097,e6408093,ff80a183,ff010eb7,f00e8e93,00700e13,1fd19463,0000b097,e4808093,ffc0a183,0ff01eb7,ff0e8e93,00800e13,1dd19663,0000b097,e2c08093,0000a183,f00ffeb7,00fe8e93,00900e13,1bd19863,0000b097,e0408093,fe008093,0200a183,00ff0eb7,0ffe8e93,00a00e13,19d19863,0000b097,de408093,ffd08093,0070a183,ff010eb7,f00e8e93,00b00e13,17d19863,00c00e13,00000213,0000b097,dc008093,0040a183,00018313,0ff01eb7,ff0e8e93,15d31663,00120213,00200293,fc521ee3,00d00e13,00000213,0000b097,d9408093,0040a183,00000013,00018313,f00ffeb7,00fe8e93,11d31c63,00120213,00200293,fc521ce3,00e00e13,00000213,0000b097,d5808093,0040a183,00000013,00000013,00018313,ff010eb7,f00e8e93,0fd31063,00120213,00200293,fc521ae3,00f00e13,00000213,0000b097,d2408093,0040a183,0ff01eb7,ff0e8e93,0bd19a63,00120213,00200293,fe5210e3,01000e13,00000213,0000b097,cfc08093,00000013,0040a183,f00ffeb7,00fe8e93,09d19263,00120213,00200293,fc521ee3,01100e13,00000213,0000b097,cc408093,00000013,00000013,0040a183,ff010eb7,f00e8e93,05d19863,00120213,00200293,fc521ce3,0000b197,c9818193,0001a103,00200113,00200e93,01200e13,03d11463,0000b197,c7c18193,0001a103,00000013,00200113,00200e93,01300e13,01d11463,03c01a63,10000537,04500593,05200613,04f00693,00a00713,00b52023,00c52023,00c52023,00d52023,00c52023,00e52023,00100073,10000537,04f00593,04b00613,00a00693,00b52023,00c52023,00d52023,a3bfb06f,00005537,ab050513,10000637,00050583,00058a63,00b62023,00150513,ff1ff06f,006c756d,02e00593,00b62023,00b62023,000080b7,e0008093,b6db7137,db710113,022081b3,00001eb7,200e8e93,02000e13,4bd19463,000080b7,fc008093,b6db7137,db710113,022081b3,00001eb7,240e8e93,02100e13,49d19263,00000093,00000113,022081b3,00000e93,00200e13,47d19663,00100093,00100113,022081b3,00100e93,00300e13,45d19a63,00300093,00700113,022081b3,01500e93,00400e13,43d19e63,00000093,ffff8137,022081b3,00000e93,00500e13,43d19263,800000b7,00000113,022081b3,00000e93,00600e13,41d19663,800000b7,ffff8137,022081b3,00000e93,00700e13,3fd19a63,aaaab0b7,aab08093,00030137,e7d10113,022081b3,00010eb7,f7fe8e93,01e00e13,3dd19863,000300b7,e7d08093,aaaab137,aab10113,022081b3,00010eb7,f7fe8e93,01f00e13,3bd19663,ff0000b7,ff000137,022081b3,00000e93,02200e13,39d19a63,fff00093,fff00113,022081b3,00100e93,02300e13,37d19e63,fff00093,00100113,022081b3,fff00e93,02400e13,37d19263,00100093,fff00113,022081b3,fff00e93,02500e13,35d19663,00d00093,00b00113,022080b3,08f00e93,00800e13,33d09a63,00e00093,00b00113,02208133,09a00e93,00900e13,31d11e63,00d00093,021080b3,0a900e93,00a00e13,31d09463,00000213,00d00093,00b00113,022081b3,00018313,00120213,00200293,fe5214e3,08f00e93,00b00e13,2dd31e63,00000213,00e00093,00b00113,022081b3,00000013,00018313,00120213,00200293,fe5212e3,09a00e93,00c00e13,2bd31663,00000213,00f00093,00b00113,022081b3,00000013,00000013,00018313,00120213,00200293,fe5210e3,0a500e93,00d00e13,27d31c63,00000213,00d00093,00b00113,022081b3,00120213,00200293,fe5216e3,08f00e93,00e00e13,25d19863,00000213,00e00093,00b00113,00000013,022081b3,00120213,00200293,fe5214e3,09a00e93,00f00e13,23d19263,00000213,00f00093,00b00113,00000013,00000013,022081b3,00120213,00200293,fe5212e3,0a500e93,01000e13,1fd19a63,00000213,00d00093,00000013,00b00113,022081b3,00120213,00200293,fe5214e3,08f00e93,01100e13,1dd19463,00000213,00e00093,00000013,00b00113,00000013,022081b3,00120213,00200293,fe5212e3,09a00e93,01200e13,19d19c63,00000213,00f00093,00000013,00000013,00b00113,022081b3,00120213,00200293,fe5212e3,0a500e93,01300e13,17d19463,00000213,00b00113,00d00093,022081b3,00120213,00200293,fe5216e3,08f00e93,01400e13,15d19063,00000213,00b00113,00e00093,00000013,022081b3,00120213,00200293,fe5214e3,09a00e93,01500e13,11d19a63,00000213,00b00113,00f00093,00000013,00000013,022081b3,00120213,00200293,fe5212e3,0a500e93,01600e13,0fd19263,00000213,00b00113,00000013,00d00093,022081b3,00120213,00200293,fe5214e3,08f00e93,01700e13,0bd19c63,00000213,00b00113,00000013,00e00093,00000013,022081b3,00120213,00200293,fe5212e3,09a00e93,01800e13,09d19463,00000213,00b00113,00000013,00000013,00f00093,022081b3,00120213,00200293,fe5212e3,0a500e93,01900e13,05d19c63,01f00093,02100133,00000e93,01a00e13,05d11263,02000093,02008133,00000e93,01b00e13,03d11863,020000b3,00000e93,01c00e13,03d09063,02100093,02200113,02208033,00000e93,01d00e13,01d01463,03c01a63,10000537,04500593,05200613,04f00693,00a00713,00b52023,00c52023,00c52023,00d52023,00c52023,00e52023,00100073,10000537,04f00593,04b00613,00a00693,00b52023,00c52023,00d52023,cf2fb06f,00005537,ff850513,10000637,00050583,00058c63,00b62023,00150513,ff1ff06f,686c756d,00000000,02e00593,00b62023,00b62023,00000093,00000113,022091b3,00000e93,00200e13,4bd19a63,00100093,00100113,022091b3,00000e93,00300e13,49d19e63,00300093,00700113,022091b3,00000e93,00400e13,49d19263,00000093,ffff8137,022091b3,00000e93,00500e13,47d19663,800000b7,00000113,022091b3,00000e93,00600e13,45d19a63,800000b7,00000113,022091b3,00000e93,00700e13,43d19e63,aaaab0b7,aab08093,00030137,e7d10113,022091b3,ffff0eb7,081e8e93,01e00e13,41d19c63,000300b7,e7d08093,aaaab137,aab10113,022091b3,ffff0eb7,081e8e93,01f00e13,3fd19a63,ff0000b7,ff000137,022091b3,00010eb7,02000e13,3dd19e63,fff00093,fff00113,022091b3,00000e93,02100e13,3dd19263,fff00093,00100113,022091b3,fff00e93,02200e13,3bd19663,00100093,fff00113,022091b3,fff00e93,02300e13,39d19a63,00d000b7,00b00137,022090b3,00009eb7,f00e8e93,00800e13,37d09c63,00e000b7,00b00137,02209133,0000aeb7,a00e8e93,00900e13,35d11e63,00d000b7,021090b3,0000beb7,900e8e93,00a00e13,35d09263,00000213,00d000b7,00b00137,022091b3,00018313,00120213,00200293,fe5214e3,00009eb7,f00e8e93,00b00e13,31d31a63,00000213,00e000b7,00b00137,022091b3,00000013,00018313,00120213,00200293,fe5212e3,0000aeb7,a00e8e93,00c00e13,2fd31063,00000213,00f000b7,00b00137,022091b3,00000013,00000013,00018313,00120213,00200293,fe5210e3,0000aeb7,500e8e93,00d00e13,2bd31463,00000213,00d000b7,00b00137,022091b3,00120213,00200293,fe5216e3,00009eb7,f00e8e93,00e00e13,27d19e63,00000213,00e000b7,00b00137,00000013,022091b3,00120213,00200293,fe5214e3,0000aeb7,a00e8e93,00f00e13,25d19663,00000213,00f000b7,00b00137,00000013,00000013,022091b3,00120213,00200293,fe5212e3,0000aeb7,500e8e93,01000e13,21d19c63,00000213,00d000b7,00000013,00b00137,022091b3,00120213,00200293,fe5214e3,00009eb7,f00e8e93,01100e13,1fd19463,00000213,00e000b7,00000013,00b00137,00000013,022091b3,00120213,00200293,fe5212e3,0000aeb7,a00e8e93,01200e13,1bd19a63,00000213,00f000b7,00000013,00000013,00b00137,022091b3,00120213,00200293,fe5212e3,0000aeb7,500e8e93,01300e13,19d19063,00000213,00b00137,00d000b7,022091b3,00120213,00200293,fe5216e3,00009eb7,f00e8e93,01400e13,15d19a63,00000213,00b00137,00e000b7,00000013,022091b3,00120213,00200293,fe5214e3,0000aeb7,a00e8e93,01500e13,13d19263,00000213,00b00137,00f000b7,00000013,00000013,022091b3,00120213,00200293,fe5212e3,0000aeb7,500e8e93,01600e13,0fd19863,00000213,00b00137,00000013,00d000b7,022091b3,00120213,00200293,fe5214e3,00009eb7,f00e8e93,01700e13,0dd19063,00000213,00b00137,00000013,00e000b7,00000013,022091b3,00120213,00200293,fe5212e3,0000aeb7,a00e8e93,01800e13,09d19663,00000213,00b00137,00000013,00000013,00f000b7,022091b3,00120213,00200293,fe5212e3,0000aeb7,500e8e93,01900e13,05d19c63,7c0000b7,02101133,00000e93,01a00e13,05d11263,800000b7,02009133,00000e93,01b00e13,03d11863,020010b3,00000e93,01c00e13,03d09063,021000b7,02200137,02209033,00000e93,01d00e13,01d01463,03c01a63,10000537,04500593,05200613,04f00693,00a00713,00b52023,00c52023,00c52023,00d52023,00c52023,00e52023,00100073,10000537,04f00593,04b00613,00a00693,00b52023,00c52023,00d52023,fa7fa06f,00005537,54450513,10000637,00050583,00058c63,00b62023,00150513,ff1ff06f,686c756d,00007573,02e00593,00b62023,00b62023,00000093,00000113,0220a1b3,00000e93,00200e13,4bd19a63,00100093,00100113,0220a1b3,00000e93,00300e13,49d19e63,00300093,00700113,0220a1b3,00000e93,00400e13,49d19263,00000093,ffff8137,0220a1b3,00000e93,00500e13,47d19663,800000b7,00000113,0220a1b3,00000e93,00600e13,45d19a63,800000b7,ffff8137,0220a1b3,80004eb7,00700e13,43d19e63,aaaab0b7,aab08093,00030137,e7d10113,0220a1b3,ffff0eb7,081e8e93,01e00e13,41d19c63,000300b7,e7d08093,aaaab137,aab10113,0220a1b3,00020eb7,efee8e93,01f00e13,3fd19a63,ff0000b7,ff000137,0220a1b3,ff010eb7,02000e13,3dd19e63,fff00093,fff00113,0220a1b3,fff00e93,02100e13,3dd19263,fff00093,00100113,0220a1b3,fff00e93,02200e13,3bd19663,00100093,fff00113,0220a1b3,00000e93,02300e13,39d19a63,00d000b7,00b00137,0220a0b3,00009eb7,f00e8e93,00800e13,37d09c63,00e000b7,00b00137,0220a133,0000aeb7,a00e8e93,00900e13,35d11e63,00d000b7,0210a0b3,0000beb7,900e8e93,00a00e13,35d09263,00000213,00d000b7,00b00137,0220a1b3,00018313,00120213,00200293,fe5214e3,00009eb7,f00e8e93,00b00e13,31d31a63,00000213,00e000b7,00b00137,0220a1b3,00000013,00018313,00120213,00200293,fe5212e3,0000aeb7,a00e8e93,00c00e13,2fd31063,00000213,00f000b7,00b00137,0220a1b3,00000013,00000013,00018313,00120213,00200293,fe5210e3,0000aeb7,500e8e93,00d00e13,2bd31463,00000213,00d000b7,00b00137,0220a1b3,00120213,00200293,fe5216e3,00009eb7,f00e8e93,00e00e13,27d19e63,00000213,00e000b7,00b00137,00000013,0220a1b3,00120213,00200293,fe5214e3,0000aeb7,a00e8e93,00f00e13,25d19663,00000213,00f000b7,00b00137,00000013,00000013,0220a1b3,00120213,00200293,fe5212e3,0000aeb7,500e8e93,01000e13,21d19c63,00000213,00d000b7,00000013,00b00137,0220a1b3,00120213,00200293,fe5214e3,00009eb7,f00e8e93,01100e13,1fd19463,00000213,00e000b7,00000013,00b00137,00000013,0220a1b3,00120213,00200293,fe5212e3,0000aeb7,a00e8e93,01200e13,1bd19a63,00000213,00f000b7,00000013,00000013,00b00137,0220a1b3,00120213,00200293,fe5212e3,0000aeb7,500e8e93,01300e13,19d19063,00000213,00b00137,00d000b7,0220a1b3,00120213,00200293,fe5216e3,00009eb7,f00e8e93,01400e13,15d19a63,00000213,00b00137,00e000b7,00000013,0220a1b3,00120213,00200293,fe5214e3,0000aeb7,a00e8e93,01500e13,13d19263,00000213,00b00137,00f000b7,00000013,00000013,0220a1b3,00120213,00200293,fe5212e3,0000aeb7,500e8e93,01600e13,0fd19863,00000213,00b00137,00000013,00d000b7,0220a1b3,00120213,00200293,fe5214e3,00009eb7,f00e8e93,01700e13,0dd19063,00000213,00b00137,00000013,00e000b7,00000013,0220a1b3,00120213,00200293,fe5212e3,0000aeb7,a00e8e93,01800e13,09d19663,00000213,00b00137,00000013,00000013,00f000b7,0220a1b3,00120213,00200293,fe5212e3,0000aeb7,500e8e93,01900e13,05d19c63,7c0000b7,02102133,00000e93,01a00e13,05d11263,800000b7,0200a133,00000e93,01b00e13,03d11863,020020b3,00000e93,01c00e13,03d09063,021000b7,02200137,0220a033,00000e93,01d00e13,01d01463,03c01a63,10000537,04500593,05200613,04f00693,00a00713,00b52023,00c52023,00c52023,00d52023,00c52023,00e52023,00100073,10000537,04f00593,04b00613,00a00693,00b52023,00c52023,00d52023,a5bfa06f,00006537,a9050513,10000637,00050583,00058c63,00b62023,00150513,ff1ff06f,686c756d,00000075,02e00593,00b62023,00b62023,00000093,00000113,0220b1b3,00000e93,00200e13,4bd19a63,00100093,00100113,0220b1b3,00000e93,00300e13,49d19e63,00300093,00700113,0220b1b3,00000e93,00400e13,49d19263,00000093,ffff8137,0220b1b3,00000e93,00500e13,47d19663,800000b7,00000113,0220b1b3,00000e93,00600e13,45d19a63,800000b7,ffff8137,0220b1b3,7fffceb7,00700e13,43d19e63,aaaab0b7,aab08093,00030137,e7d10113,0220b1b3,00020eb7,efee8e93,01e00e13,41d19c63,000300b7,e7d08093,aaaab137,aab10113,0220b1b3,00020eb7,efee8e93,01f00e13,3fd19a63,ff0000b7,ff000137,0220b1b3,fe010eb7,02000e13,3dd19e63,fff00093,fff00113,0220b1b3,ffe00e93,02100e13,3dd19263,fff00093,00100113,0220b1b3,00000e93,02200e13,3bd19663,00100093,fff00113,0220b1b3,00000e93,02300e13,39d19a63,00d000b7,00b00137,0220b0b3,00009eb7,f00e8e93,00800e13,37d09c63,00e000b7,00b00137,0220b133,0000aeb7,a00e8e93,00900e13,35d11e63,00d000b7,0210b0b3,0000beb7,900e8e93,00a00e13,35d09263,00000213,00d000b7,00b00137,0220b1b3,00018313,00120213,00200293,fe5214e3,00009eb7,f00e8e93,00b00e13,31d31a63,00000213,00e000b7,00b00137,0220b1b3,00000013,00018313,00120213,00200293,fe5212e3,0000aeb7,a00e8e93,00c00e13,2fd31063,00000213,00f000b7,00b00137,0220b1b3,00000013,00000013,00018313,00120213,00200293,fe5210e3,0000aeb7,500e8e93,00d00e13,2bd31463,00000213,00d000b7,00b00137,0220b1b3,00120213,00200293,fe5216e3,00009eb7,f00e8e93,00e00e13,27d19e63,00000213,00e000b7,00b00137,00000013,0220b1b3,00120213,00200293,fe5214e3,0000aeb7,a00e8e93,00f00e13,25d19663,00000213,00f000b7,00b00137,00000013,00000013,0220b1b3,00120213,00200293,fe5212e3,0000aeb7,500e8e93,01000e13,21d19c63,00000213,00d000b7,00000013,00b00137,0220b1b3,00120213,00200293,fe5214e3,00009eb7,f00e8e93,01100e13,1fd19463,00000213,00e000b7,00000013,00b00137,00000013,0220b1b3,00120213,00200293,fe5212e3,0000aeb7,a00e8e93,01200e13,1bd19a63,00000213,00f000b7,00000013,00000013,00b00137,0220b1b3,00120213,00200293,fe5212e3,0000aeb7,500e8e93,01300e13,19d19063,00000213,00b00137,00d000b7,0220b1b3,00120213,00200293,fe5216e3,00009eb7,f00e8e93,01400e13,15d19a63,00000213,00b00137,00e000b7,00000013,0220b1b3,00120213,00200293,fe5214e3,0000aeb7,a00e8e93,01500e13,13d19263,00000213,00b00137,00f000b7,00000013,00000013,0220b1b3,00120213,00200293,fe5212e3,0000aeb7,500e8e93,01600e13,0fd19863,00000213,00b00137,00000013,00d000b7,0220b1b3,00120213,00200293,fe5214e3,00009eb7,f00e8e93,01700e13,0dd19063,00000213,00b00137,00000013,00e000b7,00000013,0220b1b3,00120213,00200293,fe5212e3,0000aeb7,a00e8e93,01800e13,09d19663,00000213,00b00137,00000013,00000013,00f000b7,0220b1b3,00120213,00200293,fe5212e3,0000aeb7,500e8e93,01900e13,05d19c63,7c0000b7,02103133,00000e93,01a00e13,05d11263,800000b7,0200b133,00000e93,01b00e13,03d11863,020030b3,00000e93,01c00e13,03d09063,021000b7,02200137,0220b033,00000e93,01d00e13,01d01463,03c01a63,10000537,04500593,05200613,04f00693,00a00713,00b52023,00c52023,00c52023,00d52023,00c52023,00e52023,00100073,10000537,04f00593,04b00613,00a00693,00b52023,00c52023,00d52023,d0efa06f,00006537,fdc50513,10000637,00050583,00058a63,00b62023,00150513,ff1ff06f,0000726f,02e00593,00b62023,00b62023,ff0100b7,f0008093,0f0f1137,f0f10113,0020e1b3,ff100eb7,f0fe8e93,00200e13,4bd19263,0ff010b7,ff008093,f0f0f137,0f010113,0020e1b3,fff10eb7,ff0e8e93,00300e13,49d19063,00ff00b7,0ff08093,0f0f1137,f0f10113,0020e1b3,0fff1eb7,fffe8e93,00400e13,45d19e63,f00ff0b7,00f08093,f0f0f137,0f010113,0020e1b3,f0fffeb7,0ffe8e93,00500e13,43d19c63,ff0100b7,f0008093,0f0f1137,f0f10113,0020e0b3,ff100eb7,f0fe8e93,00600e13,41d09a63,ff0100b7,f0008093,0f0f1137,f0f10113,0020e133,ff100eb7,f0fe8e93,00700e13,3fd11863,ff0100b7,f0008093,0010e0b3,ff010eb7,f00e8e93,00800e13,3dd09a63,00000213,ff0100b7,f0008093,0f0f1137,f0f10113,0020e1b3,00018313,00120213,00200293,fe5210e3,ff100eb7,f0fe8e93,00900e13,39d31e63,00000213,0ff010b7,ff008093,f0f0f137,0f010113,0020e1b3,00000013,00018313,00120213,00200293,fc521ee3,fff10eb7,ff0e8e93,00a00e13,37d31063,00000213,00ff00b7,0ff08093,0f0f1137,f0f10113,0020e1b3,00000013,00000013,00018313,00120213,00200293,fc521ce3,0fff1eb7,fffe8e93,00b00e13,33d31063,00000213,ff0100b7,f0008093,0f0f1137,f0f10113,0020e1b3,00120213,00200293,fe5212e3,ff100eb7,f0fe8e93,00c00e13,2fd19663,00000213,0ff010b7,ff008093,f0f0f137,0f010113,00000013,0020e1b3,00120213,00200293,fe5210e3,fff10eb7,ff0e8e93,00d00e13,2bd19a63,00000213,00ff00b7,0ff08093,0f0f1137,f0f10113,00000013,00000013,0020e1b3,00120213,00200293,fc521ee3,0fff1eb7,fffe8e93,00e00e13,27d19c63,00000213,ff0100b7,f0008093,00000013,0f0f1137,f0f10113,0020e1b3,00120213,00200293,fe5210e3,ff100eb7,f0fe8e93,00f00e13,25d19063,00000213,0ff010b7,ff008093,00000013,f0f0f137,0f010113,00000013,0020e1b3,00120213,00200293,fc521ee3,fff10eb7,ff0e8e93,01000e13,21d19263,00000213,00ff00b7,0ff08093,00000013,00000013,0f0f1137,f0f10113,0020e1b3,00120213,00200293,fc521ee3,0fff1eb7,fffe8e93,01100e13,1dd19463,00000213,0f0f1137,f0f10113,ff0100b7,f0008093,0020e1b3,00120213,00200293,fe5212e3,ff100eb7,f0fe8e93,01200e13,19d19a63,00000213,f0f0f137,0f010113,0ff010b7,ff008093,00000013,0020e1b3,00120213,00200293,fe5210e3,fff10eb7,ff0e8e93,01300e13,15d19e63,00000213,0f0f1137,f0f10113,00ff00b7,0ff08093,00000013,00000013,0020e1b3,00120213,00200293,fc521ee3,0fff1eb7,fffe8e93,01400e13,13d19063,00000213,0f0f1137,f0f10113,00000013,ff0100b7,f0008093,0020e1b3,00120213,00200293,fe5210e3,ff100eb7,f0fe8e93,01500e13,0fd19463,00000213,f0f0f137,0f010113,00000013,0ff010b7,ff008093,00000013,0020e1b3,00120213,00200293,fc521ee3,fff10eb7,ff0e8e93,01600e13,0bd19663,00000213,0f0f1137,f0f10113,00000013,00000013,00ff00b7,0ff08093,0020e1b3,00120213,00200293,fc521ee3,0fff1eb7,fffe8e93,01700e13,07d19863,ff0100b7,f0008093,00106133,ff010eb7,f00e8e93,01800e13,05d11a63,00ff00b7,0ff08093,0000e133,00ff0eb7,0ffe8e93,01900e13,03d11c63,000060b3,00000e93,01a00e13,03d09463,111110b7,11108093,22222137,22210113,0020e033,00000e93,01b00e13,01d01463,03c01a63,10000537,04500593,05200613,04f00693,00a00713,00b52023,00c52023,00c52023,00d52023,00c52023,00e52023,00100073,10000537,04f00593,04b00613,00a00693,00b52023,00c52023,00d52023,fcbf906f,00006537,52050513,10000637,00050583,00058a63,00b62023,00150513,ff1ff06f,0069726f,02e00593,00b62023,00b62023,ff0100b7,f0008093,f0f0e193,f0f00e93,00200e13,1dd19463,0ff010b7,ff008093,0f00e193,0ff01eb7,ff0e8e93,00300e13,1bd19663,00ff00b7,0ff08093,70f0e193,00ff0eb7,7ffe8e93,00400e13,19d19863,f00ff0b7,00f08093,0f00e193,f00ffeb7,0ffe8e93,00500e13,17d19a63,ff0100b7,f0008093,0f00e093,ff010eb7,ff0e8e93,00600e13,15d09c63,00000213,0ff010b7,ff008093,0f00e193,00018313,00120213,00200293,fe5214e3,0ff01eb7,ff0e8e93,00700e13,13d31463,00000213,00ff00b7,0ff08093,70f0e193,00000013,00018313,00120213,00200293,fe5212e3,00ff0eb7,7ffe8e93,00800e13,0fd31a63,00000213,f00ff0b7,00f08093,0f00e193,00000013,00000013,00018313,00120213,00200293,fe5210e3,f00ffeb7,0ffe8e93,00900e13,0bd31e63,00000213,0ff010b7,ff008093,0f00e193,00120213,00200293,fe5216e3,0ff01eb7,ff0e8e93,00a00e13,09d19863,00000213,00ff00b7,0ff08093,00000013,f0f0e193,00120213,00200293,fe5214e3,fff00e93,00b00e13,07d19263,00000213,f00ff0b7,00f08093,00000013,00000013,0f00e193,00120213,00200293,fe5212e3,f00ffeb7,0ffe8e93,00c00e13,03d19863,0f006093,0f000e93,00d00e13,03d09063,00ff00b7,0ff08093,70f0e013,00000e93,00e00e13,01d01463,03c01a63,10000537,04500593,05200613,04f00693,00a00713,00b52023,00c52023,00c52023,00d52023,00c52023,00e52023,00100073,10000537,04f00593,04b00613,00a00693,00b52023,00c52023,00d52023,d6ff906f,00006537,77c50513,10000637,00050583,00058a63,00b62023,00150513,ff1ff06f,006d6572,02e00593,00b62023,00b62023,01400093,00600113,0220e1b3,00200e93,00200e13,0dd19463,fec00093,00600113,0220e1b3,ffe00e93,00300e13,0bd19863,01400093,ffa00113,0220e1b3,00200e93,00400e13,09d19c63,fec00093,ffa00113,0220e1b3,ffe00e93,00500e13,09d19063,800000b7,00100113,0220e1b3,00000e93,00600e13,07d19463,800000b7,fff00113,0220e1b3,00000e93,00700e13,05d19863,800000b7,00000113,0220e1b3,80000eb7,00800e13,03d19c63,00100093,00000113,0220e1b3,00100e93,00900e13,03d19063,00000093,00000113,0220e1b3,00000e93,00a00e13,01d19463,03c01a63,10000537,04500593,05200613,04f00693,00a00713,00b52023,00c52023,00c52023,00d52023,00c52023,00e52023,00100073,10000537,04f00593,04b00613,00a00693,00b52023,00c52023,00d52023,c13f906f,00007537,8d850513,10000637,00050583,00058c63,00b62023,00150513,ff1ff06f,756d6572,00000000,02e00593,00b62023,00b62023,01400093,00600113,0220f1b3,00200e93,00200e13,0dd19463,fec00093,00600113,0220f1b3,00200e93,00300e13,0bd19863,01400093,ffa00113,0220f1b3,01400e93,00400e13,09d19c63,fec00093,ffa00113,0220f1b3,fec00e93,00500e13,09d19063,800000b7,00100113,0220f1b3,00000e93,00600e13,07d19463,800000b7,fff00113,0220f1b3,80000eb7,00700e13,05d19863,800000b7,00000113,0220f1b3,80000eb7,00800e13,03d19c63,00100093,00000113,0220f1b3,00100e93,00900e13,03d19063,00000093,00000113,0220f1b3,00000e93,00a00e13,01d19463,03c01a63,10000537,04500593,05200613,04f00693,00a00713,00b52023,00c52023,00c52023,00d52023,00c52023,00e52023,00100073,10000537,04f00593,04b00613,00a00693,00b52023,00c52023,00d52023,ab3f906f,00007537,a3850513,10000637,00050583,00058a63,00b62023,00150513,ff1ff06f,00006273,02e00593,00b62023,00b62023,00009097,dc808093,faa00113,00208023,00008183,faa00e93,00200e13,3dd19c63,00009097,da808093,00000113,002080a3,00108183,00000e93,00300e13,3bd19c63,00009097,d8808093,fffff137,fa010113,00208123,00209183,fffffeb7,fa0e8e93,00400e13,39d19863,00009097,d6008093,00a00113,002081a3,00308183,00a00e93,00500e13,37d19863,00009097,d4708093,faa00113,fe208ea3,ffd08183,faa00e93,00600e13,35d19863,00009097,d2708093,00000113,fe208f23,ffe08183,00000e93,00700e13,33d19863,00009097,d0708093,fa000113,fe208fa3,fff08183,fa000e93,00800e13,31d19863,00009097,ce708093,00a00113,00208023,00008183,00a00e93,00900e13,2fd19863,00009097,cc808093,12345137,67810113,fe008213,02220023,00008183,07800e93,00a00e13,2dd19463,00009097,ca008093,00003137,09810113,ffa08093,002083a3,00009217,c8920213,00020183,f9800e93,00b00e13,29d19c63,00c00e13,00000213,fdd00093,00009117,c5c10113,00110023,00010183,fdd00e93,27d19a63,00120213,00200293,fc521ee3,00d00e13,00000213,fcd00093,00009117,c2c10113,00000013,001100a3,00110183,fcd00e93,25d19063,00120213,00200293,fc521ce3,00e00e13,00000213,fcc00093,00009117,bf810113,00000013,00000013,00110123,00210183,fcc00e93,21d19463,00120213,00200293,fc521ae3,00f00e13,00000213,fbc00093,00000013,00009117,bbc10113,001101a3,00310183,fbc00e93,1dd19a63,00120213,00200293,fc521ce3,01000e13,00000213,fbb00093,00000013,00009117,b8810113,00000013,00110223,00410183,fbb00e93,19d19e63,00120213,00200293,fc521ae3,01100e13,00000213,fab00093,00000013,00000013,00009117,b4c10113,001102a3,00510183,fab00e93,17d19263,00120213,00200293,fc521ae3,01200e13,00000213,00009117,b2010113,03300093,00110023,00010183,03300e93,13d19a63,00120213,00200293,fc521ee3,01300e13,00000213,00009117,af010113,02300093,00000013,001100a3,00110183,02300e93,11d19063,00120213,00200293,fc521ce3,01400e13,00000213,00009117,abc10113,02200093,00000013,00000013,00110123,00210183,02200e93,0dd19463,00120213,00200293,fc521ae3,01500e13,00000213,00009117,a8410113,00000013,01200093,001101a3,00310183,01200e93,09d19a63,00120213,00200293,fc521ce3,01600e13,00000213,00009117,a5010113,00000013,01100093,00000013,00110223,00410183,01100e93,05d19e63,00120213,00200293,fc521ae3,01700e13,00000213,00009117,a1810113,00000013,00000013,00100093,001102a3,00510183,00100e93,03d19263,00120213,00200293,fc521ae3,0ef00513,00009597,9e458593,00a581a3,03c01a63,10000537,04500593,05200613,04f00693,00a00713,00b52023,00c52023,00c52023,00d52023,00c52023,00e52023,00100073,10000537,04f00593,04b00613,00a00693,00b52023,00c52023,00d52023,e3ef906f,00007537,eac50513,10000637,00050583,00058a63,00b62023,00150513,ff1ff06f,00006873,02e00593,00b62023,00b62023,00009097,98808093,0aa00113,00209023,00009183,0aa00e93,00200e13,45d19e63,00009097,96808093,ffffb137,a0010113,00209123,00209183,ffffbeb7,a00e8e93,00300e13,43d19a63,00009097,94008093,beef1137,aa010113,00209223,0040a183,beef1eb7,aa0e8e93,00400e13,41d19663,00009097,91808093,ffffa137,00a10113,00209323,00609183,ffffaeb7,00ae8e93,00500e13,3fd19263,00009097,8fe08093,0aa00113,fe209d23,ffa09183,0aa00e93,00600e13,3dd19263,00009097,8de08093,ffffb137,a0010113,fe209e23,ffc09183,ffffbeb7,a00e8e93,00700e13,39d19e63,00009097,8b608093,00001137,aa010113,fe209f23,ffe09183,00001eb7,aa0e8e93,00800e13,37d19a63,00009097,88e08093,ffffa137,00a10113,00209023,00009183,ffffaeb7,00ae8e93,00900e13,35d19663,00009097,86808093,12345137,67810113,fe008213,02221023,00009183,00005eb7,678e8e93,00a00e13,33d19063,00009097,83c08093,00003137,09810113,ffb08093,002093a3,00009217,82620213,00021183,00003eb7,098e8e93,00b00e13,2fd19663,00c00e13,00000213,ffffd0b7,cdd08093,00008117,7e810113,00111023,00011183,ffffdeb7,cdde8e93,2dd19063,00120213,00200293,fc521ae3,00d00e13,00000213,ffffc0b7,ccd08093,00008117,7b010113,00000013,00111123,00211183,ffffceb7,ccde8e93,29d19263,00120213,00200293,fc5218e3,00e00e13,00000213,ffffc0b7,bcc08093,00008117,77410113,00000013,00000013,00111223,00411183,ffffceb7,bcce8e93,25d19263,00120213,00200293,fc5216e3,00f00e13,00000213,ffffb0b7,bbc08093,00000013,00008117,73010113,00111323,00611183,ffffbeb7,bbce8e93,21d19463,00120213,00200293,fc5218e3,01000e13,00000213,ffffb0b7,abb08093,00000013,00008117,6f410113,00000013,00111423,00811183,ffffbeb7,abbe8e93,1dd19463,00120213,00200293,fc5216e3,01100e13,00000213,ffffe0b7,aab08093,00000013,00000013,00008117,6b010113,00111523,00a11183,ffffeeb7,aabe8e93,19d19463,00120213,00200293,fc5216e3,01200e13,00000213,00008117,68010113,000020b7,23308093,00111023,00011183,00002eb7,233e8e93,15d19863,00120213,00200293,fc521ae3,01300e13,00000213,00008117,64810113,000010b7,22308093,00000013,00111123,00211183,00001eb7,223e8e93,11d19a63,00120213,00200293,fc5218e3,01400e13,00000213,00008117,60c10113,000010b7,12208093,00000013,00000013,00111223,00411183,00001eb7,122e8e93,0dd19a63,00120213,00200293,fc5216e3,01500e13,00000213,00008117,5cc10113,00000013,11200093,00111323,00611183,11200e93,0bd19063,00120213,00200293,fc521ce3,01600e13,00000213,00008117,59810113,00000013,01100093,00000013,00111423,00811183,01100e93,07d19463,00120213,00200293,fc521ae3,01700e13,00000213,00008117,56010113,00000013,00000013,000030b7,00108093,00111523,00a11183,00003eb7,001e8e93,03d19463,00120213,00200293,fc5216e3,0000c537,eef50513,00008597,52058593,00a59323,03c01a63,10000537,04500593,05200613,04f00693,00a00713,00b52023,00c52023,00c52023,00d52023,00c52023,00e52023,00100073,10000537,04f00593,04b00613,00a00693,00b52023,00c52023,00d52023,946f906f,00007537,3a450513,10000637,00050583,00058c63,00b62023,00150513,ff1ff06f,706d6973,0000656c,02e00593,00b62023,00b62023,10000537,04f00593,04b00613,00a00693,00b52023,00c52023,00d52023,8f2f906f,00007537,3f850513,10000637,00050583,00058a63,00b62023,00150513,ff1ff06f,006c6c73,02e00593,00b62023,00b62023,00100093,00000113,002091b3,00100e93,00200e13,55d19c63,00100093,00100113,002091b3,00200e93,00300e13,55d19063,00100093,00700113,002091b3,08000e93,00400e13,53d19463,00100093,00e00113,002091b3,00004eb7,00500e13,51d19863,00100093,01f00113,002091b3,80000eb7,00600e13,4fd19c63,fff00093,00000113,002091b3,fff00e93,00700e13,4fd19063,fff00093,00100113,002091b3,ffe00e93,00800e13,4dd19463,fff00093,00700113,002091b3,f8000e93,00900e13,4bd19863,fff00093,00e00113,002091b3,ffffceb7,00a00e13,49d19c63,fff00093,01f00113,002091b3,80000eb7,00b00e13,49d19063,212120b7,12108093,00000113,002091b3,21212eb7,121e8e93,00c00e13,47d19063,212120b7,12108093,00100113,002091b3,42424eb7,242e8e93,00d00e13,45d19063,212120b7,12108093,00700113,002091b3,90909eb7,080e8e93,00e00e13,43d19063,212120b7,12108093,00e00113,002091b3,48484eb7,00f00e13,41d19263,212120b7,12108093,01f00113,002091b3,80000eb7,01000e13,3fd19463,212120b7,12108093,fe000113,002091b3,21212eb7,121e8e93,01100e13,3dd19463,212120b7,12108093,fe100113,002091b3,42424eb7,242e8e93,01200e13,3bd19463,212120b7,12108093,fe700113,002091b3,90909eb7,080e8e93,01300e13,39d19463,212120b7,12108093,fee00113,002091b3,48484eb7,01400e13,37d19663,212120b7,12008093,fff00113,002091b3,00000e93,01500e13,35d19863,00100093,00700113,002090b3,08000e93,01600e13,33d09c63,00100093,00e00113,00209133,00004eb7,01700e13,33d11063,00300093,001090b3,01800e93,01800e13,31d09663,00000213,00100093,00700113,002091b3,00018313,00120213,00200293,fe5214e3,08000e93,01900e13,2fd31063,00000213,00100093,00e00113,002091b3,00000013,00018313,00120213,00200293,fe5212e3,00004eb7,01a00e13,2bd31863,00000213,00100093,01f00113,002091b3,00000013,00000013,00018313,00120213,00200293,fe5210e3,80000eb7,01b00e13,27d31e63,00000213,00100093,00700113,002091b3,00120213,00200293,fe5216e3,08000e93,01c00e13,25d19a63,00000213,00100093,00e00113,00000013,002091b3,00120213,00200293,fe5214e3,00004eb7,01d00e13,23d19463,00000213,00100093,01f00113,00000013,00000013,002091b3,00120213,00200293,fe5212e3,80000eb7,01e00e13,1fd19c63,00000213,00100093,00000013,00700113,002091b3,00120213,00200293,fe5214e3,08000e93,01f00e13,1dd19663,00000213,00100093,00000013,00e00113,00000013,002091b3,00120213,00200293,fe5212e3,00004eb7,02000e13,19d19e63,00000213,00100093,00000013,00000013,01f00113,002091b3,00120213,00200293,fe5212e3,80000eb7,02100e13,17d19663,00000213,00700113,00100093,002091b3,00120213,00200293,fe5216e3,08000e93,02200e13,15d19263,00000213,00e00113,00100093,00000013,002091b3,00120213,00200293,fe5214e3,00004eb7,02300e13,11d19c63,00000213,01f00113,00100093,00000013,00000013,002091b3,00120213,00200293,fe5212e3,80000eb7,02400e13,0fd19463,00000213,00700113,00000013,00100093,002091b3,00120213,00200293,fe5214e3,08000e93,02500e13,0bd19e63,00000213,00e00113,00000013,00100093,00000013,002091b3,00120213,00200293,fe5212e3,00004eb7,02600e13,09d19663,00000213,01f00113,00000013,00000013,00100093,002091b3,00120213,00200293,fe5212e3,80000eb7,02700e13,05d19e63,00f00093,00101133,00000e93,02800e13,05d11463,02000093,00009133,02000e93,02900e13,03d11a63,000010b3,00000e93,02a00e13,03d09263,40000093,00001137,80010113,00209033,00000e93,02b00e13,01d01463,03c01a63,10000537,04500593,05200613,04f00693,00a00713,00b52023,00c52023,00c52023,00d52023,00c52023,00e52023,00100073,10000537,04f00593,04b00613,00a00693,00b52023,00c52023,00d52023,b07f806f,00008537,9e450513,10000637,00050583,00058c63,00b62023,00150513,ff1ff06f,696c6c73,00000000,02e00593,00b62023,00b62023,00100093,00009193,00100e93,00200e13,27d19a63,00100093,00109193,00200e93,00300e13,27d19063,00100093,00709193,08000e93,00400e13,25d19663,00100093,00e09193,00004eb7,00500e13,23d19c63,00100093,01f09193,80000eb7,00600e13,23d19263,fff00093,00009193,fff00e93,00700e13,21d19863,fff00093,00109193,ffe00e93,00800e13,1fd19e63,fff00093,00709193,f8000e93,00900e13,1fd19463,fff00093,00e09193,ffffceb7,00a00e13,1dd19a63,fff00093,01f09193,80000eb7,00b00e13,1dd19063,212120b7,12108093,00009193,21212eb7,121e8e93,00c00e13,1bd19263,212120b7,12108093,00109193,42424eb7,242e8e93,00d00e13,19d19463,212120b7,12108093,00709193,90909eb7,080e8e93,00e00e13,17d19663,212120b7,12108093,00e09193,48484eb7,00f00e13,15d19a63,212120b7,12108093,01f09193,80000eb7,01000e13,13d19e63,00100093,00709093,08000e93,01100e13,13d09463,00000213,00100093,00709193,00018313,00120213,00200293,fe5216e3,08000e93,01200e13,11d31063,00000213,00100093,00e09193,00000013,00018313,00120213,00200293,fe5214e3,00004eb7,01300e13,0dd31a63,00000213,00100093,01f09193,00000013,00000013,00018313,00120213,00200293,fe5212e3,80000eb7,01400e13,0bd31263,00000213,00100093,00709193,00120213,00200293,fe5218e3,08000e93,01500e13,09d19063,00000213,00100093,00000013,00e09193,00120213,00200293,fe5216e3,00004eb7,01600e13,05d19c63,00000213,00100093,00000013,00000013,01f09193,00120213,00200293,fe5214e3,80000eb7,01700e13,03d19663,01f01093,00000e93,01800e13,01d09e63,02100093,01409013,00000e93,01900e13,01d01463,03c01a63,10000537,04500593,05200613,04f00693,00a00713,00b52023,00c52023,00c52023,00d52023,00c52023,00e52023,00100073,10000537,04f00593,04b00613,00a00693,00b52023,00c52023,00d52023,ffef806f,00008537,cec50513,10000637,00050583,00058a63,00b62023,00150513,ff1ff06f,00746c73,02e00593,00b62023,00b62023,00000093,00000113,0020a1b3,00000e93,00200e13,4bd19a63,00100093,00100113,0020a1b3,00000e93,00300e13,49d19e63,00300093,00700113,0020a1b3,00100e93,00400e13,49d19263,00700093,00300113,0020a1b3,00000e93,00500e13,47d19663,00000093,ffff8137,0020a1b3,00000e93,00600e13,45d19a63,800000b7,00000113,0020a1b3,00100e93,00700e13,43d19e63,800000b7,ffff8137,0020a1b3,00100e93,00800e13,43d19263,00000093,00008137,fff10113,0020a1b3,00100e93,00900e13,41d19463,800000b7,fff08093,00000113,0020a1b3,00000e93,00a00e13,3fd19663,800000b7,fff08093,00008137,fff10113,0020a1b3,00000e93,00b00e13,3dd19663,800000b7,00008137,fff10113,0020a1b3,00100e93,00c00e13,3bd19863,800000b7,fff08093,ffff8137,0020a1b3,00000e93,00d00e13,39d19a63,00000093,fff00113,0020a1b3,00000e93,00e00e13,37d19e63,fff00093,00100113,0020a1b3,00100e93,00f00e13,37d19263,fff00093,fff00113,0020a1b3,00000e93,01000e13,35d19663,00e00093,00d00113,0020a0b3,00000e93,01100e13,33d09a63,00b00093,00d00113,0020a133,00100e93,01200e13,31d11e63,00d00093,0010a0b3,00000e93,01300e13,31d09463,00000213,00b00093,00d00113,0020a1b3,00018313,00120213,00200293,fe5214e3,00100e93,01400e13,2dd31e63,00000213,00e00093,00d00113,0020a1b3,00000013,00018313,00120213,00200293,fe5212e3,00000e93,01500e13,2bd31663,00000213,00c00093,00d00113,0020a1b3,00000013,00000013,00018313,00120213,00200293,fe5210e3,00100e93,01600e13,27d31c63,00000213,00e00093,00d00113,0020a1b3,00120213,00200293,fe5216e3,00000e93,01700e13,25d19863,00000213,00b00093,00d00113,00000013,0020a1b3,00120213,00200293,fe5214e3,00100e93,01800e13,23d19263,00000213,00f00093,00d00113,00000013,00000013,0020a1b3,00120213,00200293,fe5212e3,00000e93,01900e13,1fd19a63,00000213,00a00093,00000013,00d00113,0020a1b3,00120213,00200293,fe5214e3,00100e93,01a00e13,1dd19463,00000213,01000093,00000013,00d00113,00000013,0020a1b3,00120213,00200293,fe5212e3,00000e93,01b00e13,19d19c63,00000213,00900093,00000013,00000013,00d00113,0020a1b3,00120213,00200293,fe5212e3,00100e93,01c00e13,17d19463,00000213,00d00113,01100093,0020a1b3,00120213,00200293,fe5216e3,00000e93,01d00e13,15d19063,00000213,00d00113,00800093,00000013,0020a1b3,00120213,00200293,fe5214e3,00100e93,01e00e13,11d19a63,00000213,00d00113,01200093,00000013,00000013,0020a1b3,00120213,00200293,fe5212e3,00000e93,01f00e13,0fd19263,00000213,00d00113,00000013,00700093,0020a1b3,00120213,00200293,fe5214e3,00100e93,02000e13,0bd19c63,00000213,00d00113,00000013,01300093,00000013,0020a1b3,00120213,00200293,fe5212e3,00000e93,02100e13,09d19463,00000213,00d00113,00000013,00000013,00600093,0020a1b3,00120213,00200293,fe5212e3,00100e93,02200e13,05d19c63,fff00093,00102133,00000e93,02300e13,05d11263,fff00093,0000a133,00100e93,02400e13,03d11863,000020b3,00000e93,02500e13,03d09063,01000093,01e00113,0020a033,00000e93,02600e13,01d01463,03c01a63,10000537,04500593,05200613,04f00693,00a00713,00b52023,00c52023,00c52023,00d52023,00c52023,00e52023,00100073,10000537,04f00593,04b00613,00a00693,00b52023,00c52023,00d52023,ab6f806f,00008537,23450513,10000637,00050583,00058c63,00b62023,00150513,ff1ff06f,69746c73,00000000,02e00593,00b62023,00b62023,00000093,0000a193,00000e93,00200e13,27d19263,00100093,0010a193,00000e93,00300e13,25d19863,00300093,0070a193,00100e93,00400e13,23d19e63,00700093,0030a193,00000e93,00500e13,23d19463,00000093,8000a193,00000e93,00600e13,21d19a63,800000b7,0000a193,00100e93,00700e13,21d19063,800000b7,8000a193,00100e93,00800e13,1fd19663,00000093,7ff0a193,00100e93,00900e13,1dd19c63,800000b7,fff08093,0000a193,00000e93,00a00e13,1dd19063,800000b7,fff08093,7ff0a193,00000e93,00b00e13,1bd19463,800000b7,7ff0a193,00100e93,00c00e13,19d19a63,800000b7,fff08093,8000a193,00000e93,00d00e13,17d19e63,00000093,fff0a193,00000e93,00e00e13,17d19463,fff00093,0010a193,00100e93,00f00e13,15d19a63,fff00093,fff0a193,00000e93,01000e13,15d19063,00b00093,00d0b093,00100e93,01100e13,13d09663,00000213,00f00093,00a0a193,00018313,00120213,00200293,fe5216e3,00000e93,01200e13,11d31263,00000213,00a00093,0100a193,00000013,00018313,00120213,00200293,fe5214e3,00100e93,01300e13,0dd31c63,00000213,01000093,0090a193,00000013,00000013,00018313,00120213,00200293,fe5212e3,00000e93,01400e13,0bd31463,00000213,00b00093,00f0a193,00120213,00200293,fe5218e3,00100e93,01500e13,09d19263,00000213,01100093,00000013,0080a193,00120213,00200293,fe5216e3,00000e93,01600e13,05d19e63,00000213,00c00093,00000013,00000013,00e0a193,00120213,00200293,fe5214e3,00100e93,01700e13,03d19863,fff02093,00000e93,01800e13,03d09063,00ff00b7,0ff08093,fff0a013,00000e93,01900e13,01d01463,03c01a63,10000537,04500593,05200613,04f00693,00a00713,00b52023,00c52023,00c52023,00d52023,00c52023,00e52023,00100073,10000537,04f00593,04b00613,00a00693,00b52023,00c52023,00d52023,fbff706f,00008537,52c50513,10000637,00050583,00058a63,00b62023,00150513,ff1ff06f,00617273,02e00593,00b62023,00b62023,800000b7,00000113,4020d1b3,80000eb7,00200e13,59d19463,800000b7,00100113,4020d1b3,c0000eb7,00300e13,57d19863,800000b7,00700113,4020d1b3,ff000eb7,00400e13,55d19c63,800000b7,00e00113,4020d1b3,fffe0eb7,00500e13,55d19063,800000b7,00108093,01f00113,4020d1b3,fff00e93,00600e13,53d19263,800000b7,fff08093,00000113,4020d1b3,80000eb7,fffe8e93,00700e13,51d19263,800000b7,fff08093,00100113,4020d1b3,40000eb7,fffe8e93,00800e13,4fd19263,800000b7,fff08093,00700113,4020d1b3,01000eb7,fffe8e93,00900e13,4dd19263,800000b7,fff08093,00e00113,4020d1b3,00020eb7,fffe8e93,00a00e13,4bd19263,800000b7,fff08093,01f00113,4020d1b3,00000e93,00b00e13,49d19463,818180b7,18108093,00000113,4020d1b3,81818eb7,181e8e93,00c00e13,47d19463,818180b7,18108093,00100113,4020d1b3,c0c0ceb7,0c0e8e93,00d00e13,45d19463,818180b7,18108093,00700113,4020d1b3,ff030eb7,303e8e93,00e00e13,43d19463,818180b7,18108093,00e00113,4020d1b3,fffe0eb7,606e8e93,00f00e13,41d19463,818180b7,18108093,01f00113,4020d1b3,fff00e93,01000e13,3fd19663,818180b7,18108093,fc000113,4020d1b3,81818eb7,181e8e93,01100e13,3dd19663,818180b7,18108093,fc100113,4020d1b3,c0c0ceb7,0c0e8e93,01200e13,3bd19663,818180b7,18108093,fc700113,4020d1b3,ff030eb7,303e8e93,01300e13,39d19663,818180b7,18108093,fce00113,4020d1b3,fffe0eb7,606e8e93,01400e13,37d19663,818180b7,18108093,fff00113,4020d1b3,fff00e93,01500e13,35d19863,800000b7,00700113,4020d0b3,ff000eb7,01600e13,33d09c63,800000b7,00e00113,4020d133,fffe0eb7,01700e13,33d11063,00700093,4010d0b3,00000e93,01800e13,31d09663,00000213,800000b7,00700113,4020d1b3,00018313,00120213,00200293,fe5214e3,ff000eb7,01900e13,2fd31063,00000213,800000b7,00e00113,4020d1b3,00000013,00018313,00120213,00200293,fe5212e3,fffe0eb7,01a00e13,2bd31863,00000213,800000b7,01f00113,4020d1b3,00000013,00000013,00018313,00120213,00200293,fe5210e3,fff00e93,01b00e13,27d31e63,00000213,800000b7,00700113,4020d1b3,00120213,00200293,fe5216e3,ff000eb7,01c00e13,25d19a63,00000213,800000b7,00e00113,00000013,4020d1b3,00120213,00200293,fe5214e3,fffe0eb7,01d00e13,23d19463,00000213,800000b7,01f00113,00000013,00000013,4020d1b3,00120213,00200293,fe5212e3,fff00e93,01e00e13,1fd19c63,00000213,800000b7,00000013,00700113,4020d1b3,00120213,00200293,fe5214e3,ff000eb7,01f00e13,1dd19663,00000213,800000b7,00000013,00e00113,00000013,4020d1b3,00120213,00200293,fe5212e3,fffe0eb7,02000e13,19d19e63,00000213,800000b7,00000013,00000013,01f00113,4020d1b3,00120213,00200293,fe5212e3,fff00e93,02100e13,17d19663,00000213,00700113,800000b7,4020d1b3,00120213,00200293,fe5216e3,ff000eb7,02200e13,15d19263,00000213,00e00113,800000b7,00000013,4020d1b3,00120213,00200293,fe5214e3,fffe0eb7,02300e13,11d19c63,00000213,01f00113,800000b7,00000013,00000013,4020d1b3,00120213,00200293,fe5212e3,fff00e93,02400e13,0fd19463,00000213,00700113,00000013,800000b7,4020d1b3,00120213,00200293,fe5214e3,ff000eb7,02500e13,0bd19e63,00000213,00e00113,00000013,800000b7,00000013,4020d1b3,00120213,00200293,fe5212e3,fffe0eb7,02600e13,09d19663,00000213,01f00113,00000013,00000013,800000b7,4020d1b3,00120213,00200293,fe5212e3,fff00e93,02700e13,05d19e63,00f00093,40105133,00000e93,02800e13,05d11463,02000093,4000d133,02000e93,02900e13,03d11a63,400050b3,00000e93,02a00e13,03d09263,40000093,00001137,80010113,4020d033,00000e93,02b00e13,01d01463,03c01a63,10000537,04500593,05200613,04f00693,00a00713,00b52023,00c52023,00c52023,00d52023,00c52023,00e52023,00100073,10000537,04f00593,04b00613,00a00693,00b52023,00c52023,00d52023,9a3f706f,00009537,b4850513,10000637,00050583,00058c63,00b62023,00150513,ff1ff06f,69617273,00000000,02e00593,00b62023,00b62023,00000093,4000d193,00000e93,00200e13,2bd19463,800000b7,4010d193,c0000eb7,00300e13,29d19a63,800000b7,4070d193,ff000eb7,00400e13,29d19063,800000b7,40e0d193,fffe0eb7,00500e13,27d19663,800000b7,00108093,41f0d193,fff00e93,00600e13,25d19a63,800000b7,fff08093,4000d193,80000eb7,fffe8e93,00700e13,23d19c63,800000b7,fff08093,4010d193,40000eb7,fffe8e93,00800e13,21d19e63,800000b7,fff08093,4070d193,01000eb7,fffe8e93,00900e13,21d19063,800000b7,fff08093,40e0d193,00020eb7,fffe8e93,00a00e13,1fd19263,800000b7,fff08093,41f0d193,00000e93,00b00e13,1dd19663,818180b7,18108093,4000d193,81818eb7,181e8e93,00c00e13,1bd19863,818180b7,18108093,4010d193,c0c0ceb7,0c0e8e93,00d00e13,19d19a63,818180b7,18108093,4070d193,ff030eb7,303e8e93,00e00e13,17d19c63,818180b7,18108093,40e0d193,fffe0eb7,606e8e93,00f00e13,15d19e63,818180b7,18108093,41f0d193,fff00e93,01000e13,15d19263,800000b7,4070d093,ff000eb7,01100e13,13d09863,00000213,800000b7,4070d193,00018313,00120213,00200293,fe5216e3,ff000eb7,01200e13,11d31463,00000213,800000b7,40e0d193,00000013,00018313,00120213,00200293,fe5214e3,fffe0eb7,01300e13,0dd31e63,00000213,800000b7,00108093,41f0d193,00000013,00000013,00018313,00120213,00200293,fe5210e3,fff00e93,01400e13,0bd31463,00000213,800000b7,4070d193,00120213,00200293,fe5218e3,ff000eb7,01500e13,09d19263,00000213,800000b7,00000013,40e0d193,00120213,00200293,fe5216e3,fffe0eb7,01600e13,05d19e63,00000213,800000b7,00108093,00000013,00000013,41f0d193,00120213,00200293,fe5212e3,fff00e93,01700e13,03d19663,41f05093,00000e93,01800e13,01d09e63,02100093,4140d013,00000e93,01900e13,01d01463,03c01a63,10000537,04500593,05200613,04f00693,00a00713,00b52023,00c52023,00c52023,00d52023,00c52023,00e52023,00100073,10000537,04f00593,04b00613,00a00693,00b52023,00c52023,00d52023,e66f706f,00009537,e8450513,10000637,00050583,00058a63,00b62023,00150513,ff1ff06f,006c7273,02e00593,00b62023,00b62023,ffff80b7,00000113,0020d1b3,ffff8eb7,00200e13,5bd19463,ffff80b7,00100113,0020d1b3,7fffceb7,00300e13,59d19863,ffff80b7,00700113,0020d1b3,02000eb7,f00e8e93,00400e13,57d19a63,ffff80b7,00e00113,0020d1b3,00040eb7,ffee8e93,00500e13,55d19c63,ffff80b7,00108093,00f00113,0020d1b3,00020eb7,fffe8e93,00600e13,53d19c63,fff00093,00000113,0020d1b3,fff00e93,00700e13,53d19063,fff00093,00100113,0020d1b3,80000eb7,fffe8e93,00800e13,51d19263,fff00093,00700113,0020d1b3,02000eb7,fffe8e93,00900e13,4fd19463,fff00093,00e00113,0020d1b3,00040eb7,fffe8e93,00a00e13,4dd19663,fff00093,01f00113,0020d1b3,00100e93,00b00e13,4bd19a63,212120b7,12108093,00000113,0020d1b3,21212eb7,121e8e93,00c00e13,49d19a63,212120b7,12108093,00100113,0020d1b3,10909eb7,090e8e93,00d00e13,47d19a63,212120b7,12108093,00700113,0020d1b3,00424eb7,242e8e93,00e00e13,45d19a63,212120b7,12108093,00e00113,0020d1b3,00008eb7,484e8e93,00f00e13,43d19a63,212120b7,12108093,01f00113,0020d1b3,00000e93,01000e13,41d19c63,212120b7,12108093,fe000113,0020d1b3,21212eb7,121e8e93,01100e13,3fd19c63,212120b7,12108093,fe100113,0020d1b3,10909eb7,090e8e93,01200e13,3dd19c63,212120b7,12108093,fe700113,0020d1b3,00424eb7,242e8e93,01300e13,3bd19c63,212120b7,12108093,fee00113,0020d1b3,00008eb7,484e8e93,01400e13,39d19c63,212120b7,12108093,fff00113,0020d1b3,00000e93,01500e13,37d19e63,ffff80b7,00100113,0020d0b3,7fffceb7,01600e13,37d09263,ffff80b7,00e00113,0020d133,00040eb7,ffee8e93,01700e13,35d11463,00700093,0010d0b3,00000e93,01800e13,33d09a63,00000213,ffff80b7,00100113,0020d1b3,00018313,00120213,00200293,fe5214e3,7fffceb7,01900e13,31d31463,00000213,ffff80b7,00e00113,0020d1b3,00000013,00018313,00120213,00200293,fe5212e3,00040eb7,ffee8e93,01a00e13,2dd31a63,00000213,ffff80b7,00f00113,0020d1b3,00000013,00000013,00018313,00120213,00200293,fe5210e3,00020eb7,fffe8e93,01b00e13,29d31e63,00000213,ffff80b7,00100113,0020d1b3,00120213,00200293,fe5216e3,7fffceb7,01c00e13,27d19a63,00000213,ffff80b7,00700113,00000013,0020d1b3,00120213,00200293,fe5214e3,02000eb7,f00e8e93,01d00e13,25d19263,00000213,ffff80b7,00f00113,00000013,00000013,0020d1b3,00120213,00200293,fe5212e3,00020eb7,fffe8e93,01e00e13,21d19863,00000213,ffff80b7,00000013,00100113,0020d1b3,00120213,00200293,fe5214e3,7fffceb7,01f00e13,1fd19263,00000213,ffff80b7,00000013,00700113,00000013,0020d1b3,00120213,00200293,fe5212e3,02000eb7,f00e8e93,02000e13,1bd19863,00000213,ffff80b7,00000013,00000013,00f00113,0020d1b3,00120213,00200293,fe5212e3,00020eb7,fffe8e93,02100e13,17d19e63,00000213,00100113,ffff80b7,0020d1b3,00120213,00200293,fe5216e3,7fffceb7,02200e13,15d19a63,00000213,00700113,ffff80b7,00000013,0020d1b3,00120213,00200293,fe5214e3,02000eb7,f00e8e93,02300e13,13d19263,00000213,00f00113,ffff80b7,00000013,00000013,0020d1b3,00120213,00200293,fe5212e3,00020eb7,fffe8e93,02400e13,0fd19863,00000213,00100113,00000013,ffff80b7,0020d1b3,00120213,00200293,fe5214e3,7fffceb7,02500e13,0dd19263,00000213,00700113,00000013,ffff80b7,00000013,0020d1b3,00120213,00200293,fe5212e3,02000eb7,f00e8e93,02600e13,09d19863,00000213,00f00113,00000013,00000013,ffff80b7,0020d1b3,00120213,00200293,fe5212e3,00020eb7,fffe8e93,02700e13,05d19e63,00f00093,00105133,00000e93,02800e13,05d11463,02000093,0000d133,02000e93,02900e13,03d11a63,000050b3,00000e93,02a00e13,03d09263,40000093,00001137,80010113,0020d033,00000e93,02b00e13,01d01463,03c01a63,10000537,04500593,05200613,04f00693,00a00713,00b52023,00c52023,00c52023,00d52023,00c52023,00e52023,00100073,10000537,04f00593,04b00613,00a00693,00b52023,00c52023,00d52023,82af706f,00009537,4c050513,10000637,00050583,00058c63,00b62023,00150513,ff1ff06f,696c7273,00000000,02e00593,00b62023,00b62023,ffff80b7,0000d193,ffff8eb7,00200e13,2bd19263,ffff80b7,0010d193,7fffceb7,00300e13,29d19863,ffff80b7,0070d193,02000eb7,f00e8e93,00400e13,27d19c63,ffff80b7,00e0d193,00040eb7,ffee8e93,00500e13,27d19063,ffff80b7,00108093,00f0d193,00020eb7,fffe8e93,00600e13,25d19263,fff00093,0000d193,fff00e93,00700e13,23d19863,fff00093,0010d193,80000eb7,fffe8e93,00800e13,21d19c63,fff00093,0070d193,02000eb7,fffe8e93,00900e13,21d19063,fff00093,00e0d193,00040eb7,fffe8e93,00a00e13,1fd19463,fff00093,01f0d193,00100e93,00b00e13,1dd19a63,212120b7,12108093,0000d193,21212eb7,121e8e93,00c00e13,1bd19c63,212120b7,12108093,0010d193,10909eb7,090e8e93,00d00e13,19d19e63,212120b7,12108093,0070d193,00424eb7,242e8e93,00e00e13,19d19063,212120b7,12108093,00e0d193,00008eb7,484e8e93,00f00e13,17d19263,212120b7,12108093,01f0d193,00000e93,01000e13,15d19663,ffff80b7,0010d093,7fffceb7,01500e13,13d09c63,00000213,ffff80b7,0010d193,00018313,00120213,00200293,fe5216e3,7fffceb7,01600e13,11d31863,00000213,ffff80b7,00e0d193,00000013,00018313,00120213,00200293,fe5214e3,00040eb7,ffee8e93,01700e13,0fd31063,00000213,ffff80b7,00f0d193,00000013,00000013,00018313,00120213,00200293,fe5212e3,00020eb7,fffe8e93,01800e13,0bd31663,00000213,ffff80b7,0010d193,00120213,00200293,fe5218e3,7fffceb7,01900e13,09d19463,00000213,ffff80b7,00000013,00e0d193,00120213,00200293,fe5216e3,00040eb7,ffee8e93,01a00e13,05d19e63,00000213,ffff80b7,00000013,00000013,00f0d193,00120213,00200293,fe5214e3,00020eb7,fffe8e93,01b00e13,03d19663,01f05093,00000e93,01c00e13,01d09e63,02100093,0140d013,00000e93,01d00e13,01d01463,03c01a63,10000537,04500593,05200613,04f00693,00a00713,00b52023,00c52023,00c52023,00d52023,00c52023,00e52023,00100073,10000537,04f00593,04b00613,00a00693,00b52023,00c52023,00d52023,cf3f606f,00009537,7f850513,10000637,00050583,00058a63,00b62023,00150513,ff1ff06f,00627573,02e00593,00b62023,00b62023,00000093,00000113,402081b3,00000e93,00200e13,4bd19663,00100093,00100113,402081b3,00000e93,00300e13,49d19a63,00300093,00700113,402081b3,ffc00e93,00400e13,47d19e63,00000093,ffff8137,402081b3,00008eb7,00500e13,47d19263,800000b7,00000113,402081b3,80000eb7,00600e13,45d19663,800000b7,ffff8137,402081b3,80008eb7,00700e13,43d19a63,00000093,00008137,fff10113,402081b3,ffff8eb7,001e8e93,00800e13,41d19a63,800000b7,fff08093,00000113,402081b3,80000eb7,fffe8e93,00900e13,3fd19a63,800000b7,fff08093,00008137,fff10113,402081b3,7fff8eb7,00a00e13,3dd19a63,800000b7,00008137,fff10113,402081b3,7fff8eb7,001e8e93,00b00e13,3bd19a63,800000b7,fff08093,ffff8137,402081b3,80008eb7,fffe8e93,00c00e13,39d19a63,00000093,fff00113,402081b3,00100e93,00d00e13,37d19e63,fff00093,00100113,402081b3,ffe00e93,00e00e13,37d19263,fff00093,fff00113,402081b3,00000e93,00f00e13,35d19663,00d00093,00b00113,402080b3,00200e93,01000e13,33d09a63,00e00093,00b00113,40208133,00300e93,01100e13,31d11e63,00d00093,401080b3,00000e93,01200e13,31d09463,00000213,00d00093,00b00113,402081b3,00018313,00120213,00200293,fe5214e3,00200e93,01300e13,2dd31e63,00000213,00e00093,00b00113,402081b3,00000013,00018313,00120213,00200293,fe5212e3,00300e93,01400e13,2bd31663,00000213,00f00093,00b00113,402081b3,00000013,00000013,00018313,00120213,00200293,fe5210e3,00400e93,01500e13,27d31c63,00000213,00d00093,00b00113,402081b3,00120213,00200293,fe5216e3,00200e93,01600e13,25d19863,00000213,00e00093,00b00113,00000013,402081b3,00120213,00200293,fe5214e3,00300e93,01700e13,23d19263,00000213,00f00093,00b00113,00000013,00000013,402081b3,00120213,00200293,fe5212e3,00400e93,01800e13,1fd19a63,00000213,00d00093,00000013,00b00113,402081b3,00120213,00200293,fe5214e3,00200e93,01900e13,1dd19463,00000213,00e00093,00000013,00b00113,00000013,402081b3,00120213,00200293,fe5212e3,00300e93,01a00e13,19d19c63,00000213,00f00093,00000013,00000013,00b00113,402081b3,00120213,00200293,fe5212e3,00400e93,01b00e13,17d19463,00000213,00b00113,00d00093,402081b3,00120213,00200293,fe5216e3,00200e93,01c00e13,15d19063,00000213,00b00113,00e00093,00000013,402081b3,00120213,00200293,fe5214e3,00300e93,01d00e13,11d19a63,00000213,00b00113,00f00093,00000013,00000013,402081b3,00120213,00200293,fe5212e3,00400e93,01e00e13,0fd19263,00000213,00b00113,00000013,00d00093,402081b3,00120213,00200293,fe5214e3,00200e93,01f00e13,0bd19c63,00000213,00b00113,00000013,00e00093,00000013,402081b3,00120213,00200293,fe5212e3,00300e93,02000e13,09d19463,00000213,00b00113,00000013,00000013,00f00093,402081b3,00120213,00200293,fe5212e3,00400e93,02100e13,05d19c63,ff100093,40100133,00f00e93,02200e13,05d11263,02000093,40008133,02000e93,02300e13,03d11863,400000b3,00000e93,02400e13,03d09063,01000093,01e00113,40208033,00000e93,02500e13,01d01463,03c01a63,10000537,04500593,05200613,04f00693,00a00713,00b52023,00c52023,00c52023,00d52023,00c52023,00e52023,00100073,10000537,04f00593,04b00613,00a00693,00b52023,00c52023,00d52023,fb2f606f,0000a537,d3850513,10000637,00050583,00058a63,00b62023,00150513,ff1ff06f,00007773,02e00593,00b62023,00b62023,00006097,cc808093,00aa0137,0aa10113,0020a023,0000a183,00aa0eb7,0aae8e93,00200e13,47d19063,00006097,ca008093,aa00b137,a0010113,0020a223,0040a183,aa00beb7,a00e8e93,00300e13,43d19c63,00006097,c7808093,0aa01137,aa010113,0020a423,0080a183,0aa01eb7,aa0e8e93,00400e13,41d19863,00006097,c5008093,a00aa137,00a10113,0020a623,00c0a183,a00aaeb7,00ae8e93,00500e13,3fd19463,00006097,c4408093,00aa0137,0aa10113,fe20aa23,ff40a183,00aa0eb7,0aae8e93,00600e13,3dd19063,00006097,c1c08093,aa00b137,a0010113,fe20ac23,ff80a183,aa00beb7,a00e8e93,00700e13,39d19c63,00006097,bf408093,0aa01137,aa010113,fe20ae23,ffc0a183,0aa01eb7,aa0e8e93,00800e13,37d19863,00006097,bcc08093,a00aa137,00a10113,0020a023,0000a183,a00aaeb7,00ae8e93,00900e13,35d19463,00006097,ba808093,12345137,67810113,fe008213,02222023,0000a183,12345eb7,678e8e93,00a00e13,31d19e63,00006097,b7c08093,58213137,09810113,ffd08093,0020a3a3,00006217,b6820213,00022183,58213eb7,098e8e93,00b00e13,2fd19463,00c00e13,00000213,aabbd0b7,cdd08093,00006117,b1810113,00112023,00012183,aabbdeb7,cdde8e93,2bd19e63,00120213,00200293,fc521ae3,00d00e13,00000213,daabc0b7,ccd08093,00006117,ae010113,00000013,00112223,00412183,daabceb7,ccde8e93,29d19063,00120213,00200293,fc5218e3,00e00e13,00000213,ddaac0b7,bcc08093,00006117,aa410113,00000013,00000013,00112423,00812183,ddaaceb7,bcce8e93,25d19063,00120213,00200293,fc5216e3,00f00e13,00000213,cddab0b7,bbc08093,00000013,00006117,a6010113,00112623,00c12183,cddabeb7,bbce8e93,21d19263,00120213,00200293,fc5218e3,01000e13,00000213,ccddb0b7,abb08093,00000013,00006117,a2410113,00000013,00112823,01012183,ccddbeb7,abbe8e93,1dd19263,00120213,00200293,fc5216e3,01100e13,00000213,bccde0b7,aab08093,00000013,00000013,00006117,9e010113,00112a23,01412183,bccdeeb7,aabe8e93,19d19263,00120213,00200293,fc5216e3,01200e13,00000213,00006117,9b010113,001120b7,23308093,00112023,00012183,00112eb7,233e8e93,15d19663,00120213,00200293,fc521ae3,01300e13,00000213,00006117,97810113,300110b7,22308093,00000013,00112223,00412183,30011eb7,223e8e93,11d19863,00120213,00200293,fc5218e3,01400e13,00000213,00006117,93c10113,330010b7,12208093,00000013,00000013,00112423,00812183,33001eb7,122e8e93,0dd19863,00120213,00200293,fc5216e3,01500e13,00000213,00006117,8fc10113,00000013,233000b7,11208093,00112623,00c12183,23300eb7,112e8e93,09d19a63,00120213,00200293,fc5218e3,01600e13,00000213,00006117,8c010113,00000013,223300b7,01108093,00000013,00112823,01012183,22330eb7,011e8e93,05d19a63,00120213,00200293,fc5216e3,01700e13,00000213,00006117,88010113,00000013,00000013,122330b7,00108093,00112a23,01412183,12233eb7,001e8e93,01d19a63,00120213,00200293,fc5216e3,03c01a63,10000537,04500593,05200613,04f00693,00a00713,00b52023,00c52023,00c52023,00d52023,00c52023,00e52023,00100073,10000537,04f00593,04b00613,00a00693,00b52023,00c52023,00d52023,aaef606f,0000a537,23c50513,10000637,00050583,00058a63,00b62023,00150513,ff1ff06f,00726f78,02e00593,00b62023,00b62023,ff0100b7,f0008093,0f0f1137,f0f10113,0020c1b3,f00ffeb7,00fe8e93,00200e13,4bd19063,0ff010b7,ff008093,f0f0f137,0f010113,0020c1b3,ff010eb7,f00e8e93,00300e13,47d19e63,00ff00b7,0ff08093,0f0f1137,f0f10113,0020c1b3,0ff01eb7,ff0e8e93,00400e13,45d19c63,f00ff0b7,00f08093,f0f0f137,0f010113,0020c1b3,00ff0eb7,0ffe8e93,00500e13,43d19a63,ff0100b7,f0008093,0f0f1137,f0f10113,0020c0b3,f00ffeb7,00fe8e93,00600e13,41d09863,ff0100b7,f0008093,0f0f1137,f0f10113,0020c133,f00ffeb7,00fe8e93,00700e13,3fd11663,ff0100b7,f0008093,0010c0b3,00000e93,00800e13,3dd09a63,00000213,ff0100b7,f0008093,0f0f1137,f0f10113,0020c1b3,00018313,00120213,00200293,fe5210e3,f00ffeb7,00fe8e93,00900e13,39d31e63,00000213,0ff010b7,ff008093,f0f0f137,0f010113,0020c1b3,00000013,00018313,00120213,00200293,fc521ee3,ff010eb7,f00e8e93,00a00e13,37d31063,00000213,00ff00b7,0ff08093,0f0f1137,f0f10113,0020c1b3,00000013,00000013,00018313,00120213,00200293,fc521ce3,0ff01eb7,ff0e8e93,00b00e13,33d31063,00000213,ff0100b7,f0008093,0f0f1137,f0f10113,0020c1b3,00120213,00200293,fe5212e3,f00ffeb7,00fe8e93,00c00e13,2fd19663,00000213,0ff010b7,ff008093,f0f0f137,0f010113,00000013,0020c1b3,00120213,00200293,fe5210e3,ff010eb7,f00e8e93,00d00e13,2bd19a63,00000213,00ff00b7,0ff08093,0f0f1137,f0f10113,00000013,00000013,0020c1b3,00120213,00200293,fc521ee3,0ff01eb7,ff0e8e93,00e00e13,27d19c63,00000213,ff0100b7,f0008093,00000013,0f0f1137,f0f10113,0020c1b3,00120213,00200293,fe5210e3,f00ffeb7,00fe8e93,00f00e13,25d19063,00000213,0ff010b7,ff008093,00000013,f0f0f137,0f010113,00000013,0020c1b3,00120213,00200293,fc521ee3,ff010eb7,f00e8e93,01000e13,21d19263,00000213,00ff00b7,0ff08093,00000013,00000013,0f0f1137,f0f10113,0020c1b3,00120213,00200293,fc521ee3,0ff01eb7,ff0e8e93,01100e13,1dd19463,00000213,0f0f1137,f0f10113,ff0100b7,f0008093,0020c1b3,00120213,00200293,fe5212e3,f00ffeb7,00fe8e93,01200e13,19d19a63,00000213,f0f0f137,0f010113,0ff010b7,ff008093,00000013,0020c1b3,00120213,00200293,fe5210e3,ff010eb7,f00e8e93,01300e13,15d19e63,00000213,0f0f1137,f0f10113,00ff00b7,0ff08093,00000013,00000013,0020c1b3,00120213,00200293,fc521ee3,0ff01eb7,ff0e8e93,01400e13,13d19063,00000213,0f0f1137,f0f10113,00000013,ff0100b7,f0008093,0020c1b3,00120213,00200293,fe5210e3,f00ffeb7,00fe8e93,01500e13,0fd19463,00000213,f0f0f137,0f010113,00000013,0ff010b7,ff008093,00000013,0020c1b3,00120213,00200293,fc521ee3,ff010eb7,f00e8e93,01600e13,0bd19663,00000213,0f0f1137,f0f10113,00000013,00000013,00ff00b7,0ff08093,0020c1b3,00120213,00200293,fc521ee3,0ff01eb7,ff0e8e93,01700e13,07d19863,ff0100b7,f0008093,00104133,ff010eb7,f00e8e93,01800e13,05d11a63,00ff00b7,0ff08093,0000c133,00ff0eb7,0ffe8e93,01900e13,03d11c63,000040b3,00000e93,01a00e13,03d09463,111110b7,11108093,22222137,22210113,0020c033,00000e93,01b00e13,01d01463,03c01a63,10000537,04500593,05200613,04f00693,00a00713,00b52023,00c52023,00c52023,00d52023,00c52023,00e52023,00100073,10000537,04f00593,04b00613,00a00693,00b52023,00c52023,00d52023,d6ff506f,0000a537,77c50513,10000637,00050583,00058c63,00b62023,00150513,ff1ff06f,69726f78,00000000,02e00593,00b62023,00b62023,00ff10b7,f0008093,f0f0c193,ff00feb7,00fe8e93,00200e13,1dd19663,0ff010b7,ff008093,0f00c193,0ff01eb7,f00e8e93,00300e13,1bd19863,00ff10b7,8ff08093,70f0c193,00ff1eb7,ff0e8e93,00400e13,19d19a63,f00ff0b7,00f08093,0f00c193,f00ffeb7,0ffe8e93,00500e13,17d19c63,ff00f0b7,70008093,70f0c093,ff00feb7,00fe8e93,00600e13,15d09e63,00000213,0ff010b7,ff008093,0f00c193,00018313,00120213,00200293,fe5214e3,0ff01eb7,f00e8e93,00700e13,13d31663,00000213,00ff10b7,8ff08093,70f0c193,00000013,00018313,00120213,00200293,fe5212e3,00ff1eb7,ff0e8e93,00800e13,0fd31c63,00000213,f00ff0b7,00f08093,0f00c193,00000013,00000013,00018313,00120213,00200293,fe5210e3,f00ffeb7,0ffe8e93,00900e13,0dd31063,00000213,0ff010b7,ff008093,0f00c193,00120213,00200293,fe5216e3,0ff01eb7,f00e8e93,00a00e13,09d19a63,00000213,00ff10b7,fff08093,00000013,00f0c193,00120213,00200293,fe5214e3,00ff1eb7,ff0e8e93,00b00e13,07d19263,00000213,f00ff0b7,00f08093,00000013,00000013,0f00c193,00120213,00200293,fe5212e3,f00ffeb7,0ffe8e93,00c00e13,03d19863,0f004093,0f000e93,00d00e13,03d09063,00ff00b7,0ff08093,70f0c013,00000e93,00e00e13,01d01463,03c01a63,10000537,04500593,05200613,04f00693,00a00713,00b52023,00c52023,00c52023,00d52023,00c52023,00e52023,00100073,10000537,04f00593,04b00613,00a00693,00b52023,00c52023,00d52023,b07f506f,00050e13,00058313,00000713,0005dc63,00a037b3,40b00333,40f30333,40a00e33,fff00713,0006dc63,00c037b3,40d006b3,fff74713,40f686b3,40c00633,00060813,00068593,000e0893,00030793,22069663,00010537,c0050513,0ec37463,000106b7,0cd67663,10063693,0016b693,00369693,00d65eb3,01d50533,00054503,00d506b3,02000513,00a68e63,40d50533,00a317b3,00de56b3,00a61833,00f6e7b3,00ae18b3,01085313,0267d533,01081613,01065613,0267f7b3,02a60e33,01079693,0108d793,00f6e7b3,01c7fa63,00f807b3,01c7f463,1907fa63,fff50513,41c787b3,0267d6b3,01089893,0108d893,0267f7b3,02d60633,01079793,00f8e8b3,00c8fa63,011808b3,00c8f463,1708f663,fff68693,01051513,00d56533,00070a63,00a037b3,40b005b3,40f585b3,40a00533,00008067,01000eb7,01800693,f3d67ee3,01000693,f35ff06f,00000693,00060c63,000107b7,04f67a63,10063693,0016b693,00369693,00d657b3,00f50533,00054783,02000593,00d787b3,04b79263,40c307b3,00100593,01085313,0267d533,01081613,01065613,0108d693,0267f7b3,02a60e33,01079793,f25ff06f,010007b7,01800693,faf67ae3,01000693,fadff06f,40f585b3,00b61833,00f356b3,00b31333,00fe57b3,0067e7b3,01085313,00be18b3,0266d5b3,01081513,01055513,0266f6b3,02b50e33,01069613,0107d693,00c6e6b3,01c6fa63,00d806b3,01c6f463,0506f663,fff58593,41c686b3,0266d633,01079793,0107d793,0266f6b3,02c50533,01069693,00d7e7b3,00a7fa63,00f807b3,00a7f463,0307f263,fff60613,01059593,40a787b3,00c5e5b3,f35ff06f,ffe58593,010686b3,fb5ff06f,ffe60613,010787b3,fddff06f,ffe50513,010787b3,e6dff06f,ffe68693,e99ff06f,18d36463,000107b7,04f6f463,1006b593,0015b593,00359593,000107b7,00b6d533,c0078793,00a787b3,0007c783,02000e93,00b787b3,03d79863,00ce3533,00153513,0066b6b3,00d56533,00000593,e51ff06f,010007b7,01800593,fcf6f0e3,01000593,fb9ff06f,40fe8eb3,00f655b3,01d696b3,00f35833,00d5e6b3,01d31333,00fe57b3,0067e5b3,0106d313,026857b3,01069513,01055513,01d61633,02687833,02f50f33,01081893,0105d813,01186833,01e87a63,01068833,01e87463,0ad87c63,fff78793,41e80833,026858b3,01059593,0105d593,02687833,03150533,01081813,0105e5b3,00a5fa63,00b685b3,00a5f463,08d5f863,fff88893,01079793,01061813,40a585b3,0117e533,01089893,0108d893,01055693,01085813,01065613,03088333,03068833,01035793,02c888b3,010888b3,011787b3,02c686b3,0107f663,00010637,00c686b3,0107d613,00d606b3,02d5e063,01031313,01079793,01035313,01de1e33,006787b3,eefe74e3,eed592e3,fff50513,eddff06f,ffe78793,00d80833,f49ff06f,ffe88893,00d585b3,f71ff06f,00000593,00000513,d0dff06f,00058e13,00000813,0005dc63,00a037b3,40b00e33,40fe0e33,40a00533,fff00813,0006da63,00c037b3,40d006b3,40f686b3,40c00633,00060893,00050793,000e0593,28069863,00010737,c0070713,10ce7263,000106b7,0ed67463,10063693,0016b693,00369693,00d65333,00670733,00074703,02000313,00d70733,40e306b3,00670c63,00de15b3,00e55733,00d618b3,00b765b3,00d517b3,0108d513,02a5d733,01089e13,010e5e13,02a5f5b3,03c70733,01059613,0107d593,00c5e5b3,02e5f063,00b885b3,0115b333,00e5b633,00133313,00667633,03160633,00b605b3,40e585b3,02a5d733,01079793,0107d793,02a5f5b3,03c70733,01059593,00b7e7b3,02e7f063,00f887b3,0117b5b3,00e7b633,0015b593,00b67633,03160633,00f607b3,40e787b3,00d7d533,00000593,00080a63,00a037b3,40b005b3,40f585b3,40a00533,00008067,01000337,01800693,f26670e3,01000693,f19ff06f,00000693,00060c63,000106b7,0ad67e63,10063693,0016b693,00369693,00d655b3,00b70733,00074703,02000593,00d70733,40e586b3,0ab71463,40ce0733,0108d513,02a755b3,01089e13,010e5e13,0107d613,02a77733,03c585b3,01071713,00e66733,02b77063,00e88733,01173333,00b73633,00133313,00667633,03160633,00e60733,40b70733,02a75633,01079793,0107d793,02a77733,03c60633,01071713,00e7e7b3,02c7f063,00f887b3,0117b5b3,00c7b733,0015b593,00b77733,03170733,00f707b3,40c787b3,f09ff06f,010005b7,01800693,f4b676e3,01000693,f45ff06f,00d618b3,0108d313,00ee5633,00d517b3,00e55733,02665533,01089e93,010ede93,00de1e33,01c76733,02667633,03d50533,01061593,01075613,00b66633,02a67063,00c88633,01163e33,00a635b3,001e3e13,01c5f5b3,031585b3,00c58633,40a60633,026655b3,01071713,01075713,02667633,03d585b3,01061613,00c76733,02b77063,00e88733,01173533,00b73633,00153513,00a67633,03160633,00e60733,40b70733,ec1ff06f,e4de6ae3,00010737,04e6f863,1006b713,00173713,00371713,000108b7,00e6d333,c0088893,006888b3,0008c883,02000313,00e888b3,02689c63,00c57463,01c6fa63,40c507b3,40de06b3,00f535b3,40b685b3,00078513,e01ff06f,010008b7,01800713,fb16fce3,01000713,fb1ff06f,41130333,011657b3,006696b3,00d7e6b3,0106df13,011e57b3,03e7d733,01069e93,010ede93,006e1e33,011555b3,01c5e5b3,00661633,00651533,03e7f7b3,02ee8fb3,01079e13,0105d793,01c7e7b3,01f7fa63,00f687b3,01f7f463,0ed7f263,fff70713,41f787b3,03e7de33,01059593,0105d593,03e7f7b3,03ce8eb3,01079793,00f5e5b3,01d5fa63,00b685b3,01d5f463,0ad5fe63,fffe0e13,01071713,01c76733,41d585b3,010e1e13,01061e93,01065793,010e5e13,01075713,010ede93,03de0f33,03d70eb3,02fe0e33,02f70733,01de0e33,010f5793,01c787b3,01d7f663,00010e37,01c70733,0107de13,010f1f13,01079793,010f5f13,00ee0733,01e787b3,00e5e663,00f57e63,00e59c63,40c78633,00c7be33,00de06b3,00060793,40d70733,40f507b3,00f53533,40e585b3,40a585b3,011598b3,0067d7b3,00f8e533,0065d5b3,cb1ff06f,ffe70713,00d787b3,f1dff06f,ffee0e13,00d585b3,f45ff06f,00060713,00068893,00050813,00058313,24069463,000107b7,c0078793,0ec5f463,000106b7,0cd67063,10063693,0016b693,00369693,00d65e33,01c787b3,0007c783,00d787b3,02000693,00d78e63,40f686b3,00d59333,00f557b3,00d61733,0067e333,00d51833,01075513,02a357b3,01071593,0105d593,01085693,02a37333,02f58633,01031313,0066e6b3,00c6fa63,00d706b3,00c6f463,06e6f263,fff78793,40c686b3,02a6d633,01081813,01085813,02a6f6b3,02c585b3,01069693,00d86833,00b87a63,01070833,00b87463,18e87463,fff60613,01079793,00c7e7b3,00078513,00088593,00008067,01000e37,01800693,f5c674e3,01000693,f41ff06f,ffe78793,00e686b3,f9dff06f,00000693,00060c63,000106b7,06d67863,10063693,0016b693,00369693,00d658b3,011787b3,0007c783,00d787b3,02000693,06d79063,40c58633,00100893,01075513,02a657b3,01071593,0105d593,01085693,02a67633,02f58333,01061613,00c6e6b3,0066fa63,00d706b3,0066f463,0ce6fa63,fff78793,406686b3,f25ff06f,010008b7,01800693,f9167ce3,01000693,f91ff06f,40f68833,01061733,00f5d6b3,010595b3,00f557b3,01051833,01075513,02a6d8b3,01071613,01065613,00b7e7b3,02a6f6b3,03160333,01069593,0107d693,00b6e6b3,0066fa63,00d706b3,0066f463,04e6f663,fff88893,406686b3,02a6d5b3,01079793,0107d793,02a6f6b3,02b60633,01069693,00d7e7b3,00c7fa63,00f707b3,00c7f463,02e7f263,fff58593,01089893,40c78633,00b8e8b3,f19ff06f,ffe88893,00e686b3,fb5ff06f,ffe58593,00e787b3,fddff06f,ffe78793,00e686b3,f2dff06f,ffe60613,e7dff06f,18d5e463,000107b7,04f6f463,1006b793,0017b793,00379793,00010737,00f6d833,c0070713,01070733,00074703,02000813,00f70733,03071863,00c537b3,0017b793,00b6b6b3,00d7e7b3,00000893,e35ff06f,01000737,01800793,fce6f0e3,01000793,fb9ff06f,40e80833,00e658b3,010696b3,00d8e8b3,0108de13,00e5d6b3,03c6d7b3,01089313,01035313,010595b3,00e55733,00b76733,01061633,03c6f6b3,02f30eb3,01069593,01075693,00b6e6b3,01d6fa63,00d886b3,01d6f463,0b16fc63,fff78793,41d686b3,03c6d5b3,01071713,01075713,03c6f6b3,02b30333,01069693,00d76733,00677a63,00e88733,00677463,09177863,fff58593,01079793,00b7e7b3,40670733,01059593,01061313,0105d593,0107d893,01035313,01065613,02658e33,02688333,010e5693,02c585b3,006585b3,00b686b3,02c888b3,0066f663,00010637,00c888b3,0106d613,01160633,02c76063,010e1e13,01069693,010e5e13,01051533,01c686b3,eed574e3,eec712e3,fff78793,eddff06f,ffe78793,011686b3,f49ff06f,ffe58593,01170733,f71ff06f,00000893,00000793,cf1ff06f,00060813,00050793,00058713,24069463,000106b7,c0068693,0ec5f863,000108b7,0d167a63,10063893,0018b893,00389893,01165333,006686b3,0006c683,02000313,011686b3,40d308b3,00668c63,01159733,00d556b3,01161833,00e6e733,011517b3,01085513,02a756b3,01081313,01035313,02a77733,026686b3,01071593,0107d713,00b76733,02d77063,00e80733,010735b3,00d73633,0015b593,00b67633,03060633,00e60733,40d70733,02a756b3,02a77733,026686b3,01079513,01071713,01055513,00e56533,02d57063,00a80533,01053733,00d537b3,00173713,00e7f7b3,030787b3,00a78533,40d50533,01155533,00000593,00008067,01000337,01800893,f2667ae3,01000893,f2dff06f,00000713,00060c63,00010737,08e67463,10063713,00173713,00371713,00e658b3,011686b3,0006c683,00e686b3,02000713,40d708b3,06e69a63,40c586b3,01085593,02b6d633,01081313,01035313,0107d713,02b6f6b3,02660633,01069693,00d76733,02c77063,00e80733,01073533,00c736b3,00153513,00a6f6b3,030686b3,00e68733,40c70733,02b756b3,02b77733,026686b3,f1dff06f,010008b7,01800713,f91670e3,01000713,f79ff06f,01161833,00d5d733,011517b3,011595b3,00d556b3,01085513,00b6e6b3,02a755b3,01081e13,010e5e13,02a77733,03c585b3,01071613,0106d713,00c76733,02b77063,00e80733,01073333,00b73633,00133313,00667633,03060633,00e60733,40b70733,02a75633,01069693,0106d693,02a77733,03c60633,01071713,00e6e6b3,02c6f063,00d806b3,0106b5b3,00c6b733,0015b593,00b77733,03070733,00d706b3,40c686b3,ef5ff06f,1ad5e663,00010837,0506fc63,1006b893,0018b893,00389893,00010837,0116d333,c0080813,00680833,00084803,01180833,02000893,05181063,00c57463,00b6fc63,40c50733,00070793,40d586b3,00e53733,40e68733,00078513,00070593,00008067,01000837,01800893,fb06f8e3,01000893,fa9ff06f,410888b3,011696b3,01065333,00d36333,0105d733,01035e93,03d756b3,01031e13,010e5e13,011597b3,010555b3,00f5e5b3,0105d793,01161633,01151533,03d77733,02de0f33,01071713,00e7e7b3,01e7fa63,00f307b3,01e7f463,0e67f263,fff68693,41e787b3,03d7d733,01059593,0105d593,03d7f7b3,02ee0e33,01079793,00f5e5b3,01c5fa63,00b305b3,01c5f463,0a65fe63,fff70713,01069693,00e6e6b3,41c585b3,01071713,01061e13,01065793,01075713,0106d693,010e5e13,03c70eb3,03c68e33,02f70733,02f686b3,01c707b3,010ed713,00f70733,01c77663,000107b7,00f686b3,01075793,010e9e93,01071713,010ede93,00d787b3,01d70733,00f5e663,00e57e63,00f59c63,40c70633,00c736b3,006686b3,00060713,40d787b3,40e50733,00e53533,40f585b3,40a585b3,01059833,01175733,00e86533,0115d5b3,00008067,ffe68693,006787b3,f1dff06f,ffe70713,006585b3,f45ff06f,00003341,73697200,01007663,00000029,33767205,70326932,326d5f31,635f3070,5f307032,756d6d7a,3070316c,61637a5f,00307031,0000000a,20202020,00000000,6d73694d,68637461,74656220,6e656577,20307120,2042534c,20646e61,6f636564,20646564,74736e69,74637572,206e6f69,64726f77,30712021,0078303d,6e69202c,3d727473,00007830,2d2d2d2d,2d2d2d2d,2d2d2d2d,2d2d2d2d,2d2d2d2d,2d2d2d2d,2d2d2d2d,2d2d2d2d,2d2d2d2d,2d2d2d2d,2d2d2d2d,2d2d2d2d,2d2d2d2d,2d2d2d2d,2d2d2d2d,0000000a,45524245,69204b41,7274736e,69746375,61206e6f,78302074,00000000,656c6c49,206c6167,74736e49,74637572,206e6f69,30207461,00000078,7830203a,00000000,20737542,6f727265,6e692072,736e4920,63757274,6e6f6974,20746120,00007830,20206370,00000000,626d754e,6f207265,61662066,65207473,72657478,206c616e,73515249,756f6320,6465746e,0000203a,626d754e,6f207265,6c732066,6520776f,72657478,206c616e,73515249,756f6320,6465746e,0000203a,626d754e,6f207265,69742066,2072656d,73515249,756f6320,6465746e,0000203a,33323130,37363534,42413938,46454443,00000000,6c6c6568,6f77206f,0a646c72,00000000,00000020,00007473,0000646e,00006472,00006874,69727020,6920656d,00002073,00000a2e,63656863,6d75736b,0000203a,0a4b4f20,00000000,52524520,000a524f,75706e69,20202074,005b2020,0000205d,00005b20,64726168,6c756d20,00202020,00002020,74666f73,6c756d20,00202020,4f525245,000a2152,64726168,76696420,00202020,74666f73,76696420,00202020,6c637943,6f632065,65746e75,2e2e2072,2e2e2e2e,00002e2e,736e490a,63757274,6e6f6974,756f6320,7265746e,002e2e20,4950430a,0000203a,0000002e,6d204941,6c65646f,696e6920,6c616974,64657a69,000a2121,74697257,20676e69,69746361,69746176,20736e6f,61206f74,6c656363,66756220,0a726566,00000000,65636341,6172656c,20726f74,65736162,756f2064,74757074,0000203a,65636341,6172656c,20726f74,65736162,69742064,7420656d,6e656b61,0000203a,00000000,00000000,00000000,3a434347,35672820,63353131,34346537,35312029,302e322e,00354100,69720000,00766373,00002b01,05100400,32337672,31703269,70326d5f,32635f30,7a5f3070,6c756d6d,5f307031,3161637a,41003070,00000035,63736972,2b010076,04000000,76720510,32693233,6d5f3170,5f307032,30703263,6d6d7a5f,70316c75,637a5f30,30703161,00354100,69720000,00766373,00002b01,05100400,32337672,31703269,70326d5f,32635f30,7a5f3070,6c756d6d,5f307031,3161637a,00003070,00000000,00000000,00000000,00003541,73697200,01007663,0000002b,72051004,69323376,5f317032,3070326d,7032635f,6d7a5f30,316c756d,7a5f3070,70316163,00000030,12b9b0a1,00003541,73697200,01007663,0000002b,72051004,69323376,5f317032,3070326d,7032635f,6d7a5f30,316c756d,7a5f3070,70316163,35410030,72000000,76637369,002b0100,10040000,33767205,70326932,326d5f31,635f3070,5f307032,756d6d7a,3070316c,61637a5f,00307031,00000000,00000000,00000000,00000000,00000000,00000000,00000000,00000000,00000000,00000000,00000000,00000000,00000000,00000000,00000000,00000000,00000000,00000000,00000000,00000000,00000000,00000000,00000000,00000000,00000000,00000000,00000000,00000000,00000000,00000000,00000000,00000000,00000000,00000000,00000000,00000000,00000000,00000000,00000000,00000000,00000000,00000000,00000000,00000000,00000000,00000000,00000000,00000000,00000000,00000000,00000000,00000000,00000000,6a000000,3c517e7e,00000039,1f35557d,00000000,00000000,00000000,00000000,00000000,7d6b0000,7e7e7e7e,7e7e7e7e,787e7e65,0c607171,00000000,00000022,00000000,00000000,7e700000,7e5b0000,1320707e,7e7e1309,6f7e7e7e,7e7e7e7a,0000005d,00000000,00000000,00000000,6e0a0000,004b7e7e,361a0000,00000000,7e7e6f1d,00002379,00000000,00000000,00000000,46000000,00597e7e,2d787e61,00000008,7e612100,00005c7e,00002966,00000000,00000000,21000000,00000000,7e7e680c,0000003c,5f0c0000,00000000,00000000,00000000,00000000,00000000,00000000,7e7c3500,0000267b,00007e7e,00000000,00000000,00000000,00000000,00000000,00000000,7e330000,7e130000,00437f7e,00000000,00000000,00000000,00000000,00000000,00000000,00000000,35010000,035b7e7e,00000000,00000005,00000000,00000000,00000000,00000000,00000000,08000000,337e7e51,7e7e3701,00000654,00000000,00000000,00000000,00000000,00000000,00000000,00000000,7e6c0000,0000147e,00000000,00000000,00000000,00000000,00000000,00000000,00000000,6b0f0000,00144d7e,00527e7e,00000000,00000000,00000000,00000000,00000000,00000000,35000000,13000000,15597e4b,00000000,00000000,00000000,00000000,00000000,00000000,00000000,00000000,447e6e13,00000000,00000000,00000000,00000000,00000000,00000000,00000000,00000000,217e2700,00000000,00000000,00000000,00000000,00000000,00000000,00000000,00000000,fffc0208,0302f909,fd00ff00,030000fc,fff70807,fefffb03,fdfcff00,0404ff01,fbf40307,0401fa09,0101ffff,fcfefcfc,fff70502,0402f507,fefdfefd,0203fc03,f9f80a07,00fffb07,fffffdff,0301fd04,f8fc0302,0403fa02,03fcfb00,fdfd0400,fbf60307,fd06f903,fcfefbfe,00010300,fcfc0306,0202fd08,0100fc04,fc00fcfe,f8f80706,fc03f802,fc02fe04,fefdfffc,f8f80805,0002f805,fefcfd03,02fdfdfc,f8fb0701,0401f506,01fdff01,00fdfeff,fef60707,01fef705,fefcfffe,fc00fe00,fef80902,fd04f7ff,0204fcfe,0000fffe,faf90704,fd0afa04,00fc0002,fe01fdfd,f8f60501,0301f908,00fc02fd,fcfffd03,fcf90108,04fff904,02fcfe05,030102fd,f8f90104,0105f804,00fc0004,00fd0001,fef80a06,fc01f807,0302fefd,fd0100fe,fefc0206,0405f608,02fc02fe,0101fe03,fff90400,0504f606,00fdff04,02030104,fef50207,fe03fb09,fc000104,fffffc04,fbf50408,0502fd02,fffd0303,fffc0203,fffc0308,0002fa02,fffffd01,0203fcfe,fcf70502,fd05f509,00fffb04,030303fd,fbfc0400,fdfefb07,fc0004ff,fd04fd02,faf50605,0303f905,0103fdfc,fc000200,fcfa0705,03fefb08,0301fe04,00fdfcff,fffc0405,ff00f804,fd02fc03,0401fe01,f9fb0304,0005f509,fd0303fd,fc040303,fdfb0608,0305f906,fffc0000,fe010402,fff60807,00fef903,00fefefe,0302ff04,fcfa0303,0202f907,fc010205,01fc02fd,fcfa0900,03fef804,fc03fb02,fd050103,f9f80805,ff04fb09,04020402,00fe04fe,fafa0501,0407f404,ff040301,00fc0301,fcf40803,0407f6fd,0004fefe,0501ff03,fefb0200,ff0bf402,02020002,01fffcfd,fff90400,fe0ef6fc,fd0001fe,04ff0401,faf70501,0306fc03,0301fc00,0004fc01,fbfa0503,0308f8fd,0001ff04,01fc0304,fbf60505,ff1bfaf8,fe040101,fdff01fd,fdfb0101,010ffaf8,0100fffe,00feff02,fef90b08,0006fc04,040302fc,fe030002,fffd0904,030cfdf5,01fdfb01,0204fdfd,0000070c,fe0af8f9,fcfcfe01,00fe0404,00f40209,0508f7ff,0202fb03,ff0104fd,f8f90405,020af805,fd0402fe,01fffdfc,fefb0200,0008f702,01030404,fcffffff,fcf50503,0506f8fe,fe0103fe,fefc0200,fdfc0903,0203f806,03050002,0000fffe,fef40206,0205fd01,fd000100,00ff04ff,00f90700,0306f907,04fc0402,fcfcfd00,f9f90304,fdfffc06,010104ff,0002fe00,fbfb0304,fdfffa01,0003fc01,0303fcfe,fff90404,fffff609,ff00fe01,fefcfe01,fffb0804,0103fc02,fd030400,050002fe,fffc0402,0303f505,04fe00ff,fcfc0303,fbfa0800,0503f608,fc000200,010102fc,fbfb0106,00fffb01,ff020104,fc04fefe,fefb0708,0504f600,00fc02fc,fd020203,fbf90607,00fffb05,0101fcfe,0004fe02,fefb0406,04fffa02,0202fcfe,fefe0002,fbf50401,0410f803,fffdfe00,00040304,00f60200,0415fb00,fd040100,00fcfffd,faf9fefd,031cf5fb,fefcfeff,03ff01fc,fe03fc07,0113f7fa,fe02ff00,01040301,ff03fe04,fd23f4f1,00fdfbfc,03fc00fe,000603fd,fd2ef2ec,fe010201,03fffffc,fd0907f9,fb2df1ef,0204fcf9,ff03fefc,f8031cfd,fd1af5f5,00fdfdfa,0302fe04,fefd15ea,f928f6f1,0102fefb,fc0004fd,fa0026f4,fe1ef8ee,fdfffafc,fc0202fd,fb041aff,fe10f8ee,ff02fdfc,fefd0100,f4fd06fa,010e00f7,fe00fbff,0000fefe,f4fc0101,ff15f8fd,fefc0000,030404ff,faf00702,fd15f9f6,0401fc01,0300fd01,f6ed08fe,0025f1ff,01fffffe,fe010404,feed0300,fd1af802,02030002,fefc03fc,f8f90505,fd09f7fe,0004feff,fe0302fd,fafa0801,0402fd04,fd03fffe,01000000,fefb0905,00fdf404,02fdfd04,fcfd0101,fcfc0802,fefcf709,0200fd02,0404fc01,00f90500,ff03f805,fe00fe01,fd020401,fafa0302,0100f905,01fcfbfe,fdfcfe04,fdfa0608,0200fd09,fd04fefd,fc03fdff,f8f60107,fffdfd05,ff02feff,02fc02ff,fafc0903,ff06f701,fffffffe,01fd03fd,fdf90a02,0303fb08,0102ff03,020301fc,fbf40602,0009f800,fe03fcfe,02fe0401,06f508fb,030af607,03fffbff,0302fffe,02fd09f4,0410f6fd,fe0204fc,000300ff,0609fbf1,fe0ef7f7,fdfb0101,010302ff,0a13f7f6,f91bf2ee,03fd00fd,fd00fdfc,0222f7fc,ff12f3ea,0304fc00,fc03ff02,0f26f400,f80df3df,04fffcf6,ff03fffe,2517e804,f91ef3db,fd02fcf3,0001fefc,2c19f8fd,f411f8d3,0301faf3,fd02fd03,162b0006,ef0cfdc2,03fef4f7,fcfffdfc,2310fcff,f417f8d2,ff03ecf3,fcfdfd03,1d071208,f717fddd,04fcf4f3,01feff04,120a1512,f419f2e3,0304f3f5,02020100,060dfb05,fa0afff0,fcfcf5fc,ffff0402,fffeeaff,f90504f7,0102f8ff,01ff03fd,03f5f2fe,fa0b0409,04fcf7f5,01040103,0de7f7f5,fd001706,fffefcfe,fffdff03,faf8fbdf,fd061609,0400fb09,fdfcfcfe,f1ebf4e9,fe1d0906,ff00010c,0100fd05,f1eefcfa,0321f903,04ff0306,020200fd,f5f9f8fc,fd16f907,010303ff,02fd0302,00ff0400,fdf90002,fcfffbfd,02fdfd02,fdf60000,ff01f904,ff030203,01010402,faf80301,00fffd04,fc01ff01,0101fc02,f7fb0908,0306f708,0401fbff,01fe04fc,fff70403,fefffb07,03040302,ff0003ff,00f70908,0202f501,02fd0203,fefdfcfe,fffa0400,fe00f808,fe00fcfe,0403ff04,fff603fc,fe05f90b,00fefc02,02030401,0f0005f6,fb0aee0b,ff0401fd,fffffdff,0e0d0aef,fc06f3ff,02000200,02fdfefd,170ff8f0,f90beefc,fe0000f9,fe02ffff,1017f9f6,ef0decf4,fcfefefc,fe04fdff,022ef300,effdf0e8,fcfefa0b,00ff0203,1322f30d,e3fcf4e0,fe03f40b,fe0404fe,1f0cf00d,e1f9fad9,0303ed0b,fc020401,1fffeefa,e4f9f1ea,fefce720,03ff00ff,1e0e02f9,e5f4ebf9,01fcea13,0202fc04,1a1402e4,e8f806df,fd04da0c,fdfcfefe,091000ff,e3fc17e2,0301d60a,ff01fc01,060709fb,da0e02f9,04fcdd06,02000004,f802f617,e20b04fe,fd04e00c,03fd00fd,0105f30c,e9fb1202,03fce406,04000000,06f718fd,e501032a,04ffe2fa,0102fdfd,f4ea0df8,f311f423,0103f10e,fe0203fd,ede8f9f4,f70b0e1a,0002ee01,0000fdfc,f3e2f4f8,fc1b0316,fdfdf300,fe01ff03,eeeaf5f0,021f0a0f,ff0101f8,02000203,f9f4ebf6,01fa100b,fdffff0a,04000103,fafbf303,02f50101,fffd0006,02fd01fe,f7f70701,02fff602,fd040103,02ff03fe,f9f40805,0005f407,02020103,04fdfdfc,fcf70602,0206f709,020300fe,fdfeff04,fdf40700,ff05f604,ff01fbfc,0402fcfd,fbf90101,ff00f705,fdfd0303,02fd0000,03fa0401,0500f504,fcff0002,ff02fe04,15f906fa,fe09ed0d,0200fdfc,00020203,200211f1,fff4e705,02fffdf7,fefc0201,28030603,fe00e000,02fefbf6,0101fefe,200cfcfb,f8fdf2f8,fefdf9fa,fc020404,081de6f9,090400f5,03fff3fb,fe0101fe,1517eaf6,0dfffdef,fc00e202,fcfeff03,1309f01f,f40603e1,0104ddfa,02ff0004,0d0ae318,ede4f8ec,01040e11,fd030003,0507f503,fffbf1f6,0104090e,02fdfe04,0b02f609,f4f0f5e4,fcfc120c,0104fc04,0401ff15,f0f2f104,0404f50c,fffc00fd,0a070d0c,eff8f0fb,fcfef509,03010101,0920f4fd,ecf0fa0a,fe01e711,010301fe,f117f008,d7f800fe,ff04f117,01040400,0401f60b,d8060c10,02ffeffe,02ff04fd,0bf50203,ca13050f,0303fc07,04fdfbfe,fa0503f9,d30c18fa,0000f109,0305fe00,eb0c07fe,dc1d0c05,00ffe204,03fcfc03,ed010bff,f0051e0a,ff02e4e8,ffff0203,edee01df,f21f111f,fffcf3ed,fcff02ff,f7ecffe0,f7101912,fefef5ff,fcfe0203,fcf6f1fa,fcff0903,ff00030d,01fcfe00,fbfb0100,fc05ff02,fd000104,fffd00fe,fbfc0600,0102fb06,03fe01fd,fdfd03fd,00fc0706,ff00f605,010101fe,03010200,faf70a00,0102f801,00fffb04,01ff0403,fff50208,0605fb09,00030303,fdfffdff,0ff30006,08faee04,fdfdfb01,fefdfefc,13ff0301,0afde50b,fcfffcff,010000fc,1afe0504,0cecf20c,fcfdf0fe,00020002,1407fd15,0be8f502,fcfcedf5,05040103,0509f90a,09ec060b,0103e8f8,04fcfe00,1400ecfa,1aef06fd,00fff0f6,ff01fdfd,1507f2e9,0bf3f400,04fcf8f9,feff00fc,1509f60e,08dffee8,fffcfdfd,01030100,08fdfa0a,08ebfdf4,01030b0c,fcfdfd00,fefbedff,12f0fd00,01fe0b0e,ffff0403,12f2f513,fbef02e4,03001c09,fdfc0501,0bf7f70d,04e803e9,fe041205,fcfd01fc,0b01edfd,09fafae6,01040811,fd010300,080aea01,07e8faec,fcff0a0a,00fcfd04,0003ea10,fff200e5,fbfc110b,00030302,0602f719,fcea04e4,fefd10fb,fc040000,00fef019,faea0df8,0300fc03,010203fd,fdf90008,ffff13de,fd00ff06,fd01fefe,fffefc03,ff1102f4,0401effe,fe02fe04,f9fd040f,f3021112,fc00d8ed,fcfd0102,efde0ce7,e4071621,00ffdf0c,fc010001,faeb06cd,e9162606,0402f00f,00fcfe02,f9f3f2d4,fb131b08,fffffd1b,01000404,fdf7fbed,02041008,0000fdff,01ff0203,f9f60000,fe02fd07,fcfd0000,0400fe00,faf40302,0304f601,0100fd05,0303fd03,fef70303,fe02fb03,fc02fd03,fdfc0403,f5010003,04fef505,fe010202,fe0204fe,0bf606ff,12f5f101,ff03fd03,fefc0302,131504f4,11ffd208,fe04f304,04000304,22fef203,0df6e319,fffde5f8,fe0100fc,0d08e720,14e1f102,0304e8f2,fcfe0003,1202ecf2,1bebfd0f,fcfce5ff,fc000102,1202d8ec,11fb02f8,fe00f708,03fefe01,0701e8f8,12fe03ed,fcff05fb,010000fd,0005f90a,10ee0ee4,040001fc,fdfdff01,fb01f70a,15f909f8,fefc0700,fcfc0100,0cfa0207,0bfd02de,030311f7,01feff02,0800fb16,07e9ffec,01001ff4,fd02fd04,0f01fd09,05e405e3,01fd1cfa,fc0101fe,11f2ec02,08ed03ed,fcfe1d09,ff02ff00,05f1eafe,13eb08e8,03041502,fbfcfe01,08eaec17,0de803f1,fc0109fb,fcfdfe04,fff2f70f,11ed00e7,03010a07,ff03fd01,0b01fa05,00e508fc,ff020903,010101fc,faf808f4,08eb16f1,04010403,fcfcfefc,edfefbfe,05fd07fe,0202fb0c,03020400,f80af301,f9ef080a,0201f708,0001ff02,e8daee05,f8e71413,0204f01d,03fc0504,edd8e3d4,f91137ff,0002f325,010003ff,f3eff3ce,f9f83505,0000f612,04020100,f7f7ffea,00050c0f,fe02fffd,02fe01ff,fff70106,fc05f806,0302fd02,0100fc01,f8f8060a,0400fc06,02040305,fd020203,f8fc0204,0701f601,fefcfa02,fdfcfc01,fc010103,05fef100,0203fd02,fe020304,0f0208ff,1efae600,fc01ef00,fe02fffc,1c1406ee,2001caf5,0004e702,fffd02ff,1205e702,07f3e20c,fdfdea03,fdfd0302,fe08e609,12e8f307,ff02fe0a,04010103,0302f300,17fae5ff,fc04f709,fe04fd03,0b08eefa,1a03fbe2,fc04ff06,fdfefffe,030cde02,09000ae8,fd000106,02fdfe01,0818f306,05f6fee5,0000f603,04030001,0205f2ff,11f303ff,02fdfbfd,010103fe,050507ff,18f803ea,0304f800,0100fd01,0b000109,0ae2f6ee,00fe0a06,fc01fc01,0c05ff0f,0be5f3df,030319ff,01030102,0dfc0312,13defbe7,03040df1,04ff0204,0aedf419,16e007e0,00fc0e06,00fe0001,06fa031f,14e401e7,03fe05fc,040300fe,09eaf620,13cef6ee,00fe070d,fffcfdfd,0e03fc07,02c505f5,fe030207,03040401,0508fb03,07d713fb,fc02f7fc,fd0400ff,f9fce704,02eb0bfe,fffe0307,02020002,1202df07,10dd02fe,0104f903,00fdfe04,dcebd019,0dce2603,fd03f712,fcfd0002,dccadcf5,eedc3c06,0404f239,00fcfffd,efeef7d3,fbe43e0a,fffdf215,03fd0200,fdf601f8,fff70f08,0000fd07,fffffe03,f8f70903,fcfbfc04,01fffc01,020504ff,fffb0300,ff03fa01,fb03fb02,fcfcff05,fef50300,0b04f505,0003fefe,00fd04fd,fcfbff02,0ffff004,ff00f5f8,030204fd,18fc01ff,23fae4f5,ff04f2f5,fcfc02fd,2018fcf6,0f00d6ef,fd01ea05,fcfe01fc,0b18ebf4,09efe600,fd01fa0b,fe01fdfc,03fee3fc,07eef3f5,00fc1007,fffc01fc,0afdf2ef,070af2f5,0101fa15,01fefefe,0903f9ec,fff404f3,0201020f,03000104,0606e8f6,02f9fcf0,fd03fb11,fdfe0403,f80bed02,07f607f8,03fefd07,01fc0000,e70af0f4,0eee1006,fd03fc0c,fdfcff03,f0100204,18e60f01,0403f902,0001ff02,fa16fe13,0cd903fa,02020601,04fc02fe,160b0e04,13ecf2d8,02ff0af1,030202fc,160d1afa,0fe1ecdf,030111e1,fe010104,0a070d0f,12dfe9f1,fefffbed,00fefffd,fb07fd23,17caf3ee,fdfdfa01,ffff0004,0101f01c,0ecd00f6,fc000303,fd0202fe,0eeef716,0cd1f6fe,01ff060b,0400fffe,1100ee04,0ae305fb,0305fd0a,010103fe,0202ddfc,17df11fc,fdfef40e,00fdfefe,19fcd107,0ad406fd,fcfdef18,fdfdff01,e9efd921,f0dd22f6,00ffee20,fd00fc00,ddddec29,eee149ef,ff00f40a,04fe03fe,f8f4fbe8,f9db56f7,03fefa03,0301fc04,f8f600f9,06f110fa,0100fc0d,03030201,fbf90404,08fffa04,02ff02fa,fbfe0102,fbf80305,0000fc04,00fe0302,040005fe,fffa0901,09fef709,02fcfc03,fe020101,f9f7060c,12fef605,fefefa03,fc000400,1b0402f3,1bf4e8fc,0201eff7,02fd02fd,0ff8f5fc,1afcf2f0,0101f20f,fd000100,0914eb06,12e9edef,0100060e,01fefcfe,0416def5,fcf7f8e8,fd040a12,00040202,fd09e5f0,fffc0ffc,01fefb05,030201fd,f003f2f8,fbf416f6,01fe0a0a,01010000,e5eee907,07fe0c01,03fc0608,010200ff,d8fdf3f1,02001309,01ff0413,0200fc04,d9fef4fd,fdee130f,fd030d0f,fc01fcfc,e0010004,01ec1a15,01fcfa03,ff04fd03,f5f1150c,15f90af0,fe03f104,fdfdfc01,08f0250f,15f8fac2,fcfcf70a,04030104,04f92a00,1fddf2ef,ff03f6f1,00020204,0bfd130b,1ed7ddfe,0400ffec,02fffcfe,0c080321,14d7e9fb,0104faf2,fc020301,fcf9f518,10e8ebf9,04030205,fd0200fc,0ce9ee0d,16ece804,04fe0610,fc000404,13fbe611,1af1f2f6,fe01fb07,ff0301fc,00fcdf09,24e0ecfd,0100fd0a,000401fc,1205d607,10e0f0f5,00fffc20,02fc02fd,f1f9e42e,e3f41ed7,0200f613,fffd0304,eae7ef21,eae96cee,fc03f0e4,fffe04ff,fffdfbdf,fecc6cf3,fffef7e8,03020402,fdfa07f6,01f01ff8,0400fa04,fefe00fe,f9f70806,0205f808,fefffc02,fc000104,fcf50700,fc03f501,0303fc03,fefcfd03,00fc0409,0104f901,0402f7fe,02fdfcfd,01fa0903,1200f602,02fdf2fe,fffdff04,13fa05fe,25f4ec02,feffedff,fffdfc02,0cf5f9eb,16fefaf9,02ff0708,01fffdfc,f300f2f9,02fef4fb,00031512,000304fe,e4ffe606,fcfc0809,01fd0507,00000004,d9e5e00a,06fc0108,fc030911,02fe03ff,e2e2e2f4,fc10070c,04021611,fffdfffc,ebd7e9f1,fc13061e,03fd0dff,ffff04ff,f2cdf0fe,00010b1c,04ff0702,0403ff02,fad7f2fd,0bf30b11,00020f0b,00ff0304,f8d6fcff,0204131a,04ff010f,01fe0104,00c91600,0a0d14d3,fcfe0515,01fffd01,0adc27de,13f303bf,03020026,0301ff00,06e02bd6,1dd6f50a,ff020801,02feff03,00eb14eb,1decf311,01fe08f6,04fdfdff,10f4f604,18efeb02,010413ed,fd020300,04f2fdfd,1cf4f9fe,fcfe11ff,fffcff03,0d05f807,0dfae8fb,fefe0903,fefd00fe,0bf4e912,13eedeeb,04ff22fb,0402fefe,f5f1f210,1ef8daf3,03021503,0103fc01,fcf5f416,09f8d1f2,fc041911,01fe02fe,edeeee26,cb1409e0,ff010615,fcfe03fe,ebf9f115,e3fe38e9,ff00ed0b,fcfdfefc,011000e1,f9d13fef,0302f700,02040200,fcf700f4,02ec10ff,0101fd0c,04020101,fafc0802,0005fc05,fdff0201,01010300,f9f80800,0503fa08,04040104,fc040200,fafa0906,0604f506,fcfd00fc,04fe0000,f6fa0605,1701f705,fc02ed02,fffcfe04,fff106fb,32f9f6fc,0100ea04,fdfc04fe,f4dc08f1,23fcfaf2,01021200,04fefe04,ead0fdfc,03fd1008,fc021d11,fcfe04fe,e1c5041f,f9061011,fc011ff8,02fe0200,dfbef603,12090816,03031205,01010201,e2cfeff1,0d14011b,fefe0dfc,01fc03fc,fbdefd02,f10af81f,010214ff,02fe0403,08d6ec06,01040d1a,feff0ef3,fe03fcfd,fbd9e70a,0409142c,02ff0401,010402ff,fae2f90c,dd0f153e,fd00ea0e,fc0004fe,03e61401,ca0c10f0,04020a19,fd0400fd,15db2dcf,f4f700e7,03000f0d,fcfffe02,04d517c0,17e3fb12,fe041303,01fffe01,00e707d6,1af4f013,020310fc,fc03fd03,05e802f5,0bf5edfd,fe041804,030403ff,0cf106fd,0dedfbfb,fcfe19fc,ff010004,fd09ecff,fef3f1ff,00011c0c,00fdff02,f6faf5f3,0efae902,feff140c,ff0000fe,d1f6fdfb,0610d41a,fffd121b,02fe04ff,dbebfb12,fd23b405,ff01271d,fcfd03ff,e0dafa35,cb2cb3fb,02fc1927,fdfefcfe,f210fb26,e413bc00,02fcef2a,ff040202,ff2105f7,01e1fdfd,0102f704,02000001,ff0b06f6,05e70509,fc03f804,00fdfcfc,fffe0405,0500f404,fdff00ff,fefdfeff,fdfc0704,fcfef508,04fffffd,0104fc00,faf90106,0bfffcff,01fefffd,03000201,fefa0807,1701f904,03fef0fd,01fcffff,fff306f9,26f4fdf9,fd04f004,0002fd01,e8d00302,19f80200,fdfd27f2,fcfeffff,dcb4fefb,0e0b1612,fdfc2706,fc04fdfc,d9b0021c,15080111,ff000afa,03ff0101,e1c40410,02f9041b,01021202,0201fe04,ead7ff0e,fafef917,04041303,00ffff03,f8e9ee0e,f2060211,020008f9,fd0103ff,e7f4d210,f607111a,03fc09f1,fdfcff02,eaffe10c,e7051a26,000002ff,fc00fe00,01f7fa01,bb091524,fc00ed15,0103fd00,0e0214e0,b5f612f3,01fcfd16,040401fe,12f31dca,efeff9fa,00fc100b,fdfffc02,f6e118af,fe03ed18,ff010a1b,02fcfffd,05e50acf,05f1e30f,02010d0e,01fe0402,07f617ef,08e6f007,00010efc,000403fc,06eaec02,07eff909,fcfc0a08,fdfe0302,feffdfe8,fa0cf807,ff042005,02fcfdff,e0f9ebe4,fb04032b,fc030b15,04fefffd,d807e6ef,ed10f12d,ff010ff8,fd02fc01,ca02ef1a,ef25f308,03fe0a00,030502fc,e1fcfa2b,e43dc900,0103e90e,0002fdfd,ef29fc2d,f80dc1fb,0403de1c,fffd0201,fc390105,02d5e702,fdfef207,02030204,fb2200fb,fae2f604,fe04fdfc,fd040201,fd040108,fa03fa00,03fc0002,0103fdff,fff60204,fe05fc01,fe00fa00,02fd0000,01f40602,0403fa02,01000101,fffefd03,01fb0305,1600fb05,0002f1fc,fffe03fc,faf308f8,18fcfb0b,fffff5fa,00020400,e8e908f4,1bd9fe23,fcfc10f3,fdfe03fd,ded1fe15,0c00f920,02fd0cf2,00fe0402,d6dff50c,f711fd17,fe0011eb,02fdff03,ddfcf311,0000f814,ff0317df,fcfefdfc,fcf10314,f00d0313,01fe00e5,fc03fdfe,fbf9e70e,ed0e160b,020001f4,fe0003fe,f600c509,f515150c,fe01f9ff,01fc03ff,f4fde417,e31f0215,fcfdfa13,fd0000fe,0bf8ff08,c20d0a12,fb00f50f,010404fc,060812f0,d2f707f9,04010119,fcfe0400,010015c3,f2f5fdff,fefd0816,0300fefe,fcf111c1,fd01f10a,04000714,fd04fd02,fcf40fc3,02ffea15,0004120a,00fcfe01,07ebf2f2,16eaee18,00001004,00030301,0305d8f5,1bf0f30c,04000dfd,fc04fc02,f1fdd8f5,2208e71d,050108fb,03fd04fc,ed08e801,1303f51b,020001e9,02fdfdfe,0100e0fe,fd06f817,ff04fdf4,0002fcff,ee06f40c,031d0208,03fcf4cb,fffefdfe,fa00fd2a,041df3fd,fefedad8,fffdfeff,fb1eff3e,f60bedf6,02ffd2f0,fe04fcff,f529ff0a,f6f9e6f9,ff00f607,ff01ff01,f7250905,00f0f5fd,01fefefd,01030301,fafe0902,0100f708,fefd00fc,fffcfd04,f8f60102,05fefa06,0002fd02,fefffcfc,03f20905,0105f708,0401fefe,00ff01fc,02f30303,0805f507,0303fc00,ffff0200,f90f01f5,12eff410,fc02edff,fdfefe03,ed190114,0ccdf910,02fc06f5,fffd0001,f019f31d,fcf4e713,04fe08df,0103fd04,e80de6fe,fe17f10d,fc0407e6,040100fd,edfdf016,f717e20e,04040bf6,ff04ff04,f7f20119,e317f718,0204feed,02ffff00,fb01e70e,e7170f0e,fc01f0f8,0302fc04,f303d815,f312060b,ff01fbfc,01fd00ff,0505f80c,e426f70f,fc02f9ff,fefffcfd,0df60afe,e016090f,fd01ef0d,fd0204fd,030d1ad7,e50cfdfb,0001f512,01fdfefc,07071dc1,e510e300,fcfcf218,fb0200fc,060603d7,fb07eb0d,00020506,0100fb04,f8fd0fda,f8faed16,010116fa,feff00fc,fef5e8f2,16f5ea12,fcfd19f5,fd0402fc,f7fcd9fc,22eefd03,fdfe06fe,00fffd04,0e06da01,1c03f307,fdfd01f2,fffdfc04,10fce30a,1d0af0f4,03fe05e4,fdfefcfe,0b06effd,1dfdfffb,0104f4e4,01010101,1bf8f702,17fc040c,0401f7e1,02fcfefd,16ea0239,0e0cfcf3,00fcdddc,fcfd03fd,0a210029,02150ec9,fc03dae7,03fd0300,f23d0206,ef0bece8,04fcf4fa,01fc04fd,fb2a02fb,fcf0edfe,000400fb,040104ff,fa010807,0200f407,0401fffc,fefd04ff,f8fc0307,0306f808,fd010401,fefe0204,01f40104,0205f801,fe00fdfd,02fdfe03,05f50406,0605f705,00fe00fd,0101fc00,fd2804f3,0aecf4fa,0204efff,fd0001fd,0a34020b,10cdefeb,0203fff3,fe0402fe,fa1df513,020bfbef,fffcf5e1,fc030204,ec19df15,0111ecfc,fc04efe9,01fd0001,edfbde13,0911d81b,04fdf805,01040205,e2e6e81d,ed14e61d,030203fb,fc010402,ebfcfb18,ef11ea14,0401f504,ff01fcfe,eb07fe16,dd21fbfd,03040304,04ff00fd,030bfa0f,d22df3f9,fc000605,fe01ffff,0813fcee,e907f605,0101ef10,fd0103fd,1a1513c6,ea00f807,0002ef05,fd0001fc,010a1fca,f008ed12,02fdeb06,01ff0404,e809fde5,0511f414,01fc0400,ff01fffc,ee03f6ec,0005eb19,ff020bff,01fdfc03,f710c701,14fbeb0d,fefd11f8,ff01ff02,0cffdafd,1007f206,01000ffd,fe00fefc,1801e3f5,1003ff03,00fff6f1,fe0104ff,0dfde508,10fb0809,03fcf8e4,0204fffd,0c1def05,17f40208,fd03e2e5,00010202,1610f208,f8f40dfa,01fcf9e0,ff03fcfc,2304fd1d,fdf904ea,fd00e4fa,ff020103,1f1e020c,fc0804dc,0103ddee,fc01fd03,f45203ff,f200efe0,fd03f6f8,01030101,f82cffff,01edf3f7,03fefdfb,04ff04fb,f8000207,fef7f709,02fdfc02,fefdff00,fef90707,ff01f402,020003fc,02010304,fdf50302,fc05fa09,0103fe04,fe00fe00,04f805ff,01fcf604,03fcfdff,fffefffb,142708f5,fdf1fef2,04feed01,0404fcfe,0c3aff0b,0fbefafa,04fde6f5,01fefe04,0418e208,0bfe17ea,04fee4ea,fdfefd03,f614d21d,fa000bef,fd03f4f4,fd04fdfd,0407da10,ea0fe203,02030b0d,04fefdfe,f3feef11,f113e007,02000f0a,fcfd04fe,dffc0017,f317db0a,fc03ff0e,040101fc,dc08061e,d621e2fc,04010305,000200fe,da0af205,e51fe7fe,0403000e,ff03fcff,ec10feeb,f60bd2fe,fd040918,03030204,ef1017c6,f506d20d,fd020105,fe01fe00,e70219c0,0411d722,fcfefdff,030102fe,e7fe02db,0a0ef61e,fd000df4,fcfe0304,ff04e1f9,f901f91a,01fc06ff,fffd0101,feffc800,04fc0915,00fe02f8,0301fdfc,f807e5fa,030b100f,01ff04fb,fcfc0202,100bedfc,f6080404,fdfded05,00fefcfd,f80bf005,ff000f04,030102fe,04010101,f90df608,fafa10ff,00fff5f5,02fe01fd,16fef708,fafc00fd,0201edf6,03fefffe,290c010c,f0ef0b00,0303de01,fffefe02,f91a0208,fd0710f1,fd03e002,0201fe03,ef4ff604,fff4efed,0302fdee,fe030103,f8160107,ffebf5fb,0000fe02,ffff04fe,fefa0404,02fbf800,fcfdfe05,fd0201fd,fef40308,0501f502,02fe0103,ff01ff01,fffa0301,fd02fb08,fc030302,0001fdff,fef60505,0103fa01,03fcffff,01030201,201301eb,fbfa02f7,0401f3fa,02fdff03,0a330004,04d80df4,fd03e7eb,fefe0103,1528e1fe,f9e50afa,fdfddefa,02fc04ff,0d0cc80c,dbee0ff3,03ffff01,010002fc,f911eb09,dc0302fc,fe0007fe,020103fe,f507f913,dc06f700,04010203,02010203,e8fe0416,e909f210,fc03f90b,01fefdfd,e609f01a,e410e8fd,0304070f,02fe0403,e604eef9,f212e700,02fc0313,fefdff04,d915f4da,f529ea0b,fd02ec0a,fcfffcfd,dd110bc9,fe1df810,0101f002,fdfdff03,f10b09d3,fc08f717,fd0106f7,fc030302,0406f3f8,fc0bf20f,ffff06fe,fffefcfe,0a07d7f7,f40b0216,03fcfcf4,fc01ff04,0716e7f4,010c0ff9,fdfcfdf0,03fc0100,040bfbfe,f81205f9,0200f505,0002fd00,02fefbf6,f0fe11fc,0400f407,fcfcfcfc,08ff08ef,f8fd0506,0303010c,fd03ff04,0a0503f4,f90a10f9,fffcf4f7,01fc0402,1a06f40e,eff411ee,0402e604,010102fe,1518f001,dafb13ff,fd04de05,ff000304,ea30fffe,eef70df4,00ffe702,01fcfdfc,f72f0305,fd03f7f3,fd00fcf5,020100fc,fbf50307,00fdf901,0001fe05,000201fd,fcf60408,ff00f402,fc0002fc,00ff02ff,fbf60404,01fff902,fefdfeff,02fc0203,faf60905,03fdf806,01010300,04040201,f6fa0400,050200ff,0000fb02,0003fe04,20feffec,fff40204,01fcfff0,02fc0101,131af8f9,06f014f5,fc01e9e6,fdfcfc01,260dd204,f3ea0afe,fefee805,0001fd04,0609eb0a,e0f710f8,04ffee00,00030301,f7160312,c9f001f5,04fefdfe,ff010100,0010fc0f,e0f60eec,fcfefff8,ff00ff04,f60c0e18,f609fee7,0301e504,02fe0301,ec09fb16,e71702dc,0102e900,0002fd02,e30ef01b,ee2efde8,fcfdeaf5,fd040402,e515f403,f732fce0,0100f3fa,fdfd02fe,f31903ed,fc0f07f8,04ffedf2,fd01fe01,ff0700f1,f912070a,fd02f5fa,000002fe,0900fbf5,ee19fb03,fd03ecf8,02fe0000,0513ffe7,ec19fd05,fb03f601,fd03feff,0e14f302,f115fbf5,fc04f3f9,fcff01fe,10fe0606,dd0c11e8,04fef702,04000401,09fb1ef1,f40801f3,000402fe,02fc0304,030a1b03,e4fc0ef3,01fe0103,010302fc,0416fef4,e40614f8,fdfdeafa,fc020401,0b15f806,dff114dc,0303e01a,0401fe03,090efdec,eaff1bf1,fdffee18,03030304,fe110a03,02ff06f2,ff03fef6,ff04fdfd,f42210fb,fff4f6fa,fefcffef,04040403,f9070608,04fbf809,fffc00ff,0202fd04,fcfb0705,0201f909,0204fdfc,00fc0002,fdfc0300,0006fb05,fc01fd05,01020104,fff60908,0403f503,fcff0400,fe000404,fbf900fe,02fcfc01,00fffe02,fdff04ff,200208fa,fcf50601,0401fcf0,fd030400,1e30f7f9,f5ed06f7,0403fbdb,030104fd,1316d211,e4e41de6,0303fa02,02fcfe02,1815f50b,cde50aea,ff04ec01,0303fdfd,0a1b0103,d100f7d8,fd03e112,03fffcfc,0a0f0410,eff70dd1,fd03e0fd,03030104,ff150810,ed040dda,00ffe5fb,03fcfdfd,f10a0624,f20e00d6,fdfee20c,0203fc00,ed141123,f51801f6,01fee2ed,00ff0304,e011061b,fb2300ea,03ffe5f7,00fefe00,ed0afb04,fa1bfce0,fefff705,fcfdfeff,fe07fcee,f425fbf8,0002f3fe,fdfd01fe,ff0e00f4,ee1af8f9,03fef50b,fefdff02,090a08fb,ea090503,03fffdf6,fd0301ff,0af40afc,e70a12fc,02fcf4fd,01fe02fd,12f91cfd,d61108f0,02fcf6fe,0002ffff,fe0c1ffe,ec0200f0,ff0309fd,fe03fcff,10160fee,d9fa07f0,fcfdfa0a,02ff0203,081c06f5,d3fc08f0,04fde50e,ff010202,0e140202,d8ed1ee1,fffeed16,fefefbfd,fa0ef6ee,f20d0cee,ff00f506,fcfefdfe,fd1f05ff,fafbf6f8,fe0308eb,02fd0301,fc0e11f8,00fa00fd,fffc08f6,04030201,f9fc0902,01fdf701,02fefe04,02fe0201,fff80808,fdfef505,01ff0105,0100fc04,fff50805,fc04fb04,02fdfd03,01fc03fd,fef80900,0001f808,00fdfdfd,03fe0200,02050605,f406f401,ff03fd01,fdfc02fc,1b0b08f3,f4fffffe,03fcf8f3,00fe0202,19170ff4,ede610f0,00fffeef,03fdfc02,050e180b,dfdb0cf3,02fcfbfc,ff0304fe,0e180a08,d9d801dd,fd03f309,fe020303,0b0b0e03,dfff00d8,03fee812,feff02fc,08010cf5,fa0806eb,0200ea05,fe000301,ee0f01f9,e90908f0,fc01fb0b,fffefefd,f0050f10,f40e02f0,fffffcff,fd00fd01,f10a0424,f71105f7,02fee9f8,0001fefc,fb07fd12,fd2902f9,0101edf4,03000200,f806f308,f52602ef,0102ee0b,0201fdff,f8010209,f4180afc,fffff602,fd0104ff,fdf10706,f10d0600,0303f401,00000202,0cff0801,f40809f8,0001f8f7,fe0404fd,0d0704fc,e8130800,0004ec02,fc0003fd,13150d02,da1003f6,0002eaf8,000204fd,171515e4,e1060008,0400edf9,03fe04fe,00011ee6,e1050dfe,fcfcf40d,0303fffe,f60b19fd,d4f613ff,fe04ee09,03fc0001,fd1af805,d00517f5,0503f907,03fefd04,f024fdf8,eb040ef9,04fcfcf9,030401ff,f61315fa,fb03fefa,04fc0bec,040304fe,f60a10fe,0101fcfb,fc0205fa,fc01fcff,f9f60306,02fff507,00fdf901,0400fffc,f9f60805,ff03fc01,04fe00fd,03fc03fc,fbfa0208,0205f901,03ff0303,03fe01fe,f8fa0606,05fffb08,fc040003,fe0001ff,07ff0600,f805f906,0004fbfb,0101fdff,190c01f2,f10204fe,fe02fffa,040404fd,151d13d4,f0fa09f9,fd02f6f2,00010200,0d0b31ff,fde400f4,fefcf2f1,03fc03fd,081c12fe,fdcff5ee,ff04e7fc,fefd0400,0e0a0aff,17ebfae9,03fdeafa,fe0203fd,010bf80a,0406fee2,01fefffe,fdfe0004,0b12fa05,f20405e6,00fcfef9,fe010102,fe04fd05,f30e00f5,01fdfc00,fe000201,0a09ee12,f7fe04f9,fe03fffc,fcfe01fd,f905ea13,ff0809ef,0401fc07,01ff04fd,fa01dd25,f00e06fc,fbfdef0d,0303fd00,faf9f515,fa0b0feb,ff03fe08,fdfffefc,04f30012,021602f3,04feee06,040104fc,0905f800,050a04f3,02fdf7fc,0300fffd,070c10fc,ee040607,fc00f1fc,00fc0104,04161fef,dffb0a00,0400f0fc,04fcff03,08041ced,e7fc061a,00fddff8,02fcfc01,100a14fc,dc0a13fc,fd00eff9,fdfefffc,fe14fff6,d2011214,0402e7ff,0001fdfc,fe1de603,d0ec1109,fefe0406,04fd0200,ed1ef704,e0f40304,03fd07fd,0201fd04,ed110903,fbfafff7,fefe13f2,fe040102,f7010c00,0301fc02,010404fd,030301fc,f8f40808,fe00fb08,fc03fb04,03020200,f8f90705,0406fa06,00030004,03fdfd04,f9fb0600,0201f506,02040000,0000ff02,fef40a04,0103f607,0304fcfe,fd010102,0afa0505,fcfef407,fdfdfafc,0103fe03,1cf4fb02,f303f602,fe04f7fd,00fd02fd,27f608e4,01050502,0001f4f7,fc04fd01,14f21af5,09000901,03fdf3dc,fdfc01ff,15ff0c09,1cf2fdfe,fc00f4da,fe000001,1306fc05,1eeaf2fe,04ffeaec,01fe0202,fe06ea08,f0e703f8,fefcf50c,0204fe04,0e07fb11,ebef04ff,0404eefd,02fc04ff,0efcfb26,f3db0505,04fcf5fb,03020103,0ef9f51f,f4d406fd,fe01f402,ff03ff01,f805091c,fde90bfe,04fff409,02fe0200,03fdff1a,ec00fffb,01fef81a,0203fe01,f805f31d,fc0bfcfe,03fef90e,0404fc04,fff90f0e,0d0105f1,0000ea0e,000201fd,f5f804f9,00f71401,fd04f90f,00fd02fe,fcfd1b03,f3eb0504,fdfffd0c,04fd02ff,120f09ee,ebfff404,0202fb08,fc0404fd,120c09e8,e008fd12,fcfefa0a,fd030302,050bfbdd,d5f9160b,fe04fa0a,00010101,f31de6ea,d6f4fa1b,fcfefd0e,03fc0301,eb27e8f7,dcf2f902,02031607,03fe0303,f717f3fe,dffef7ff,fd011509,ff010403,f7080201,fcfff7fc,03fb10f6,fefd0300,feff0805,fdfcf700,fc0302fb,0000fb01,fcf90904,0001f806,fd01fbfa,ff020104,fff30206,fd04fd03,0402fcff,ff02fffe,fdf60905,fd04f903,02feff02,03000300,fdf40600,0203fa02,03fdfe00,02fefcff,fdf40505,f901fc07,fd01fbfd,0304fffd,16f00107,ff04f606,fd03f6fe,fd00fd02,28eaf7fc,1000f707,0404fdf3,01fcfd03,1fe2f6fc,1705f603,020308e1,020304ff,29dcf6f8,1401ed0b,01020cd7,fe0101fe,20d9f2ee,14fc05f8,02fd0eeb,03fcfefe,06f2ebfa,fbf50cf0,ffff0012,fc04fc01,02f3eaf5,f1e8200b,0204fe13,02020300,1ce9f1fa,02de1002,fd040000,fe030101,15f2eaf9,0bcd0e06,fcfef810,02fe0401,08fcf90d,06d011f1,0104f20c,020303fc,15f7ee0c,05da1bf1,0401ee05,0002fe00,1605f505,09e21902,ff00e20c,0404fcfc,fbfef20c,0ceb11ef,0000f617,fcfdfdff,faf1d4f7,03ec0b05,0100041e,00fefffd,f9fbf4fe,fcee08fa,030009fd,030401fe,f31108ef,f5f705f1,fe02ff1a,fefe00fd,ecf90ce6,f3f50507,0000f728,00fdfd04,ecfe0cd7,fcf9080d,00fd040b,01fe03ff,f30803ee,00f3000a,04ff07fd,04fdff04,f9fb00f8,edf60205,00fd1a00,00fd02fc,fd0401f6,e9fff712,04fc14fc,fe02fe03,fa090506,fb00f906,fcfefffa,fd030304,ff050404,0305f307,fffefb01,fffe0004,00f70205,fe01f801,0403fa00,fdfe02fc,fef50506,ff05f706,01000103,00ff01fc,f9f80706,fc01f606,fc0303fd,fb01fc04,fbf60303,fdfef509,0004fd02,0202fd03,faf70207,ff05fc04,0102fefc,fffcfe00,02f10506,0106f901,00ff01fc,fe0100ff,04f40002,0800f506,fd0400fb,ff0002fb,0df2f203,04fef4ff,fd0212f1,fdff03fc,1aeff4f7,f804f4fd,01001feb,000404ff,29e9f2ec,1204efec,fffe1bf3,01fcfffe,33d6f2de,2301f3dd,00021fe9,0402fefe,2bd0e6d8,23fb0deb,fc0417ec,03fefefd,29d2cfcd,170212f3,fc021cff,03030204,28d6d3ca,1bfd1bf9,ff000cf7,03000202,2cdceaae,190022ef,040006f9,0204fd01,2ee0e6b0,06f518f7,fdfc0cfd,fe0301fc,15efe7ba,07fb05ef,fdff180c,0401ff03,f9f1e1c5,10f41400,04010a0b,ff01fe00,0ce9ddd6,0df80be8,01001313,000102fc,fff4edda,fbf509de,fefe1f11,02fcfcfc,02edf4de,18fd06e0,00011b07,00feffff,0ae2feeb,1bfefdde,03011407,01000004,f4f200f0,07fb02de,fd022807,fefc0001,f1fc02f2,12fe03e7,fcfd1cfa,ff02ff01,f7f905fb,0a0107fb,0104feff,02040401,fcf503fb,fefc0508,fd0402fc,fe010103,f9fb08ff,fd040104,fe03ff02,fd04ffff,fdfd0904,fd03fb01,030201fe,0100fcfc,fdfe0408,0200fc09,fdfefa01,0402fe01,faf50908,fd05f607,030400fd,0001fcfc,00f50706,0202f608,ffff00fd,fdfe01ff,faf60708,fffef904,fd04fcfd,00000204,fbfc0705,fe01f804,0000ff05,000002fc,f8f90a04,03fef806,fd00fc04,fc000401,fcf60603,fd01f90a,fefc04fc,fdfe0101,01f40702,eb00f404,fdfd0c03,00fd0100,01f300fd,f601f204,ff041bf4,0400fd04,faf9fef6,0dfff0fb,04fc11fa,0003fffd,fff402eb,1f05f4f1,fcfd18fb,0304fe04,fdf505f4,07fdf5df,000331f6,0001fc04,fbf2ffff,0805f9e2,ff042ef1,010300fc,01f2fbfc,070408e0,030131f4,fc02fffd,00ebf7fb,02fe00e4,fc0332f5,fe040303,02f2fbf0,1400fbd8,01fe22fe,02ff0404,02f5f9f1,0d03fbc6,02ff34fb,01030300,fef2fcf2,19fffdd6,fefe1ff2,02ff0402,08f1fef8,0afff8df,02fe29f3,fdfffffe,07f502f8,0efff1d7,fe0227f8,fefe04fc,04f9fffe,1e03e9da,00031afe,fdfd0200,01f30405,2b05eee1,fc0206f7,fc0000ff,f9fa01fe,01fdf9f1,feff18f4,01ff02ff,f8f40502,0cfff6ef,fefe10fe,02fefe00,00f40402,0805fcfd,fdfc0701,01010201,fffc0402,fe01fa05,04fe06fe,04fe05fd,00f40a03,0304fc07,03fffcfd,02fcfc04,fafb0104,0101f804,0000fd02,fe010304,fdf60908,0402f803,000302ff,ffffff02,fef80904,04fff406,fbfffefc,0200fe00,fafb0500,fc04fc07,fdfe02fe,020001fd,fef90501,0102f801,03020204,fcfc0104,f8fb0503,00fef601,0001fe01,0000fd02,fdf70601,01fff708,02fc0000,0100fcfe,fdf60202,0002f501,ff01fd03,02fefffe,fff40908,0104f706,00000200,040300fd,f9fc0a05,0301fa02,04ff03fd,040104ff,fdf50703,0601fb06,02ff0105,fefffc03,fbfa0104,0701f503,01000201,0301fc01,faf70800,0004f704,fdfdfb01,01fcfe04,fcfa0604,07fffdfe,fd0201fc,fefdfffe,faf90700,0104f803,02030202,04fe0202,f8fc01ff,0b06fefe,02fe03ff,0001fefe,fcf90705,0c00f9fc,fcfef603,fcfdfc00,f9fb02ff,0cfef400,00010402,03ff0103,fdfa05fc,0dfdf102,0100fb00,040200fc,faf30702,09fff802,03fdfc04,030303fe,f7f70205,0804f903,0203fefe,fefffcfe,fdf4ff02,0e05fb04,fcfff804,fdfe02fd,fef40407,0f04f404,01fff7ff,03fefeff,fffb0900,0702fa04,0203fcfe,04fdfd03,f8fc0705,06fef602,fdfdfcff,fe000102,fff604ff,0406fc07,fffd0000,fcfd02ff,fbfb0a04,0001f701,01fe01fe,01fc0301,fdfc0304,04fff504,fefeff02,fd0403fd,fefb0608,fefdf703,fffd0300,0404fd03,fcf50501,fc04f802,04fc0203,fdfffcfc,00f50206,fd00f401,fc0403fd,02020003,00003541,73697200,01007663,0000002b,72051004,69323376,5f317032,3070326d,7032635f,6d7a5f30,316c756d,7a5f3070,70316163,00000030,00002741,73697200,01007663,0000001d,33767205,70326932,326d5f31,7a5f3070,6c756d6d,00307031,00002741,73697200,01007663,0000001d,33767205,70326932,326d5f31,7a5f3070,6c756d6d,00307031,00002741,73697200,01007663,0000001d,33767205,70326932,326d5f31,7a5f3070,6c756d6d,00307031,00002741,73697200,01007663,0000001d,33767205,70326932,326d5f31,7a5f3070,6c756d6d,00307031,00002741,73697200,01007663,0000001d,33767205,70326932,326d5f31,7a5f3070,6c756d6d,00307031,00002741,73697200,01007663,0000001d,33767205,70326932,326d5f31,7a5f3070,6c756d6d,00307031,00002741,73697200,01007663,0000001d,33767205,70326932,326d5f31,7a5f3070,6c756d6d,00307031,00002741,73697200,01007663,0000001d,33767205,70326932,326d5f31,7a5f3070,6c756d6d,00307031,00002741,73697200,01007663,0000001d,33767205,70326932,326d5f31,7a5f3070,6c756d6d,00307031,00002741,73697200,01007663,0000001d,33767205,70326932,326d5f31,7a5f3070,6c756d6d,00307031,00002741,73697200,01007663,0000001d,33767205,70326932,326d5f31,7a5f3070,6c756d6d,00307031,00002741,73697200,01007663,0000001d,33767205,70326932,326d5f31,7a5f3070,6c756d6d,00307031,00002741,73697200,01007663,0000001d,33767205,70326932,326d5f31,7a5f3070,6c756d6d,00307031,00002741,73697200,01007663,0000001d,33767205,70326932,326d5f31,7a5f3070,6c756d6d,00307031,00002741,73697200,01007663,0000001d,33767205,70326932,326d5f31,7a5f3070,6c756d6d,00307031,00002741,73697200,01007663,0000001d,33767205,70326932,326d5f31,7a5f3070,6c756d6d,00307031,0ff000ff,00002741,73697200,01007663,0000001d,33767205,70326932,326d5f31,7a5f3070,6c756d6d,00307031,0ff000ff,00002741,73697200,01007663,0000001d,33767205,70326932,326d5f31,7a5f3070,6c756d6d,00307031,ff0000ff,f00f0ff0,00002741,73697200,01007663,0000001d,33767205,70326932,326d5f31,7a5f3070,6c756d6d,00307031,ff0000ff,f00f0ff0,00002741,73697200,01007663,0000001d,33767205,70326932,326d5f31,7a5f3070,6c756d6d,00307031,00002741,73697200,01007663,0000001d,33767205,70326932,326d5f31,7a5f3070,6c756d6d,00307031,00ff00ff,ff00ff00,0ff00ff0,f00ff00f,00002741,73697200,01007663,0000001d,33767205,70326932,326d5f31,7a5f3070,6c756d6d,00307031,00002741,73697200,01007663,0000001d,33767205,70326932,326d5f31,7a5f3070,6c756d6d,00307031,00002741,73697200,01007663,0000001d,33767205,70326932,326d5f31,7a5f3070,6c756d6d,00307031,00002741,73697200,01007663,0000001d,33767205,70326932,326d5f31,7a5f3070,6c756d6d,00307031,00002741,73697200,01007663,0000001d,33767205,70326932,326d5f31,7a5f3070,6c756d6d,00307031,00002741,73697200,01007663,0000001d,33767205,70326932,326d5f31,7a5f3070,6c756d6d,00307031,00002741,73697200,01007663,0000001d,33767205,70326932,326d5f31,7a5f3070,6c756d6d,00307031,00002741,73697200,01007663,0000001d,33767205,70326932,326d5f31,7a5f3070,6c756d6d,00307031,00002741,73697200,01007663,0000001d,33767205,70326932,326d5f31,7a5f3070,6c756d6d,00307031,efefefef,efefefef,2741efef,72000000,76637369,001d0100,72050000,69323376,5f317032,3070326d,6d6d7a5f,70316c75,00000030,beefbeef,beefbeef,beefbeef,beefbeef,beefbeef,00002741,73697200,01007663,0000001d,33767205,70326932,326d5f31,7a5f3070,6c756d6d,00307031,00002741,73697200,01007663,0000001d,33767205,70326932,326d5f31,7a5f3070,6c756d6d,00307031,00002741,73697200,01007663,0000001d,33767205,70326932,326d5f31,7a5f3070,6c756d6d,00307031,00002741,73697200,01007663,0000001d,33767205,70326932,326d5f31,7a5f3070,6c756d6d,00307031,00002741,73697200,01007663,0000001d,33767205,70326932,326d5f31,7a5f3070,6c756d6d,00307031,00002741,73697200,01007663,0000001d,33767205,70326932,326d5f31,7a5f3070,6c756d6d,00307031,00002741,73697200,01007663,0000001d,33767205,70326932,326d5f31,7a5f3070,6c756d6d,00307031,00002741,73697200,01007663,0000001d,33767205,70326932,326d5f31,7a5f3070,6c756d6d,00307031,00002741,73697200,01007663,0000001d,33767205,70326932,326d5f31,7a5f3070,6c756d6d,00307031,00002741,73697200,01007663,0000001d,33767205,70326932,326d5f31,7a5f3070,6c756d6d,00307031,00002741,73697200,01007663,0000001d,33767205,70326932,326d5f31,7a5f3070,6c756d6d,00307031,deadbeef,deadbeef,deadbeef,deadbeef,deadbeef,deadbeef,deadbeef,deadbeef,deadbeef,deadbeef,00002741,73697200,01007663,0000001d,33767205,70326932,326d5f31,7a5f3070,6c756d6d,00307031,00002741,73697200,01007663,0000001d,33767205,70326932,326d5f31,7a5f3070,6c756d6d,00307031,00002741,73697200,01007663,0000001d,33767205,70326932,326d5f31,7a5f3070,6c756d6d,00307031,00000010,00000000,00527a03,01017c01,00020c1b,00000010,00000018,ffffaef8,0000040c,00000000,00002941,73697200,01007663,0000001f,72051004,69323376,5f317032,3070326d,6d6d7a5f,70316c75,00000030,00000010,00000000,00527a03,01017c01,00020c1b,00000010,00000018,ffffb2b0,00000490,00000000,00002941,73697200,01007663,0000001f,72051004,69323376,5f317032,3070326d,6d6d7a5f,70316c75,00000030,00000010,00000000,00527a03,01017c01,00020c1b,00000010,00000018,ffffb6ec,000003ec,00000000,00002941,73697200,01007663,0000001f,72051004,69323376,5f317032,3070326d,6d6d7a5f,70316c75,00000030,00000010,00000000,00527a03,01017c01,00020c1b,00000010,00000018,ffffba84,0000041c,00000000,00002941,73697200,01007663,0000001f,72051004,69323376,5f317032,3070326d,6d6d7a5f,70316c75,00000030,02020100,03030303,04040404,04040404,05050505,05050505,05050505,05050505,06060606,06060606,06060606,06060606,06060606,06060606,06060606,06060606,07070707,07070707,07070707,07070707,07070707,07070707,07070707,07070707,07070707,07070707,07070707,07070707,07070707,07070707,07070707,07070707,08080808,08080808,08080808,08080808,08080808,08080808,08080808,08080808,08080808,08080808,08080808,08080808,08080808,08080808,08080808,08080808,08080808,08080808,08080808,08080808,08080808,08080808,08080808,08080808,08080808,08080808,08080808,08080808,08080808,08080808,08080808,08080808,00002941,73697200,01007663,0000001f,72051004,69323376,5f317032,3070326d,6d6d7a5f,70316c75,00000030;
